date,title,link
2020-03-27 10:43:42,Coronavirus Is Expediting iPhone Makers' Plans to Move Beyond China,https://finance.yahoo.com/news/coronavirus-expediting-iphone-makers-plans-065032719.html?.tsrc=rss
2020-03-30 08:12:40,Apple supplier Foxconn's profit down 24% in last quarter of 2019,https://finance.yahoo.com/news/apple-supplier-foxconns-profit-down-081240585.html?.tsrc=rss
2020-04-23 20:43:07,Dow Jones Today: Microscopic Gains Under Looming Covid-19 Data,https://finance.yahoo.com/news/dow-jones-today-microscopic-gains-204307206.html?.tsrc=rss
2020-04-24 18:38:37,Strategist details which companies to invest in amid coronavirus,https://finance.yahoo.com/video/expert-details-companies-invest-amid-183837424.html?.tsrc=rss
2020-04-27 17:28:42,Why nobody on Wall Street really cares that Apple is reportedly delaying new iPhone releases,https://finance.yahoo.com/news/nobody-on-wall-street-really-cares-that-apple-is-reportedly-delaying-new-i-phone-releases-172842206.html?.tsrc=rss
2020-04-27 19:28:37,Apple delays mass production of 2020 flagship iPhones: WSJ,https://finance.yahoo.com/video/apple-delays-mass-production-2020-192837024.html?.tsrc=rss
2020-04-28 01:25:11,"Google, Starbucks, AMD earnings: What to know in markets Tuesday",https://finance.yahoo.com/news/google-starbucks-amd-earnings-what-to-know-in-markets-tuesday-012511427.html?.tsrc=rss
2020-05-07 01:56:00,Apple Maintains Lead After Smartwatches Defy Global Sales Slump,https://finance.yahoo.com/news/apple-maintains-lead-smartwatches-defy-015600948.html?.tsrc=rss
2020-05-13 10:49:58,"Apple Encourages Chinese Tech Company To Rival Foxconn, Aims To Foster Competition",https://finance.yahoo.com/news/apple-encourages-chinese-tech-company-104958388.html?.tsrc=rss
2020-05-14 08:56:38,Sony Says It Created World’s First Image Sensor With Built-in AI,https://finance.yahoo.com/news/sony-says-created-world-first-070026239.html?.tsrc=rss
2020-05-18 04:13:45,U.S.-China Fight Over Chip Kingpin Rattles Tech Industry,https://finance.yahoo.com/news/global-chipmaking-kingpin-gets-dragged-010627179.html?.tsrc=rss
2020-05-19 02:22:52,"Sony, Microsoft Strike Deal on Tiny AI Chip With Huge Potential",https://finance.yahoo.com/news/sony-microsoft-strike-deal-tiny-022252306.html?.tsrc=rss
2020-06-10 20:34:34,The Federal Reserve’s actions ‘have been one of the main ingredients of recovery’: Parrish Capital,https://finance.yahoo.com/video/federal-actions-one-main-ingredients-203434175.html?.tsrc=rss
2020-07-03 03:36:51,Taiwan's Foxconn says customs clearing procedures in India have been resolved,https://finance.yahoo.com/news/taiwans-foxconn-says-customs-clearing-033651359.html?.tsrc=rss
2020-07-07 08:23:24,Samsung’s Profit Beat May Precede Slowing Chip Sales Growth,https://finance.yahoo.com/news/samsung-earnings-buoyed-chip-demand-234526640.html?.tsrc=rss
2020-07-15 19:15:48,"To support these valuations, we need to see a 'follow-through' in earnings expectations: Strategist",https://finance.yahoo.com/video/expert-stock-market-rebound-support-191548894.html?.tsrc=rss
2020-07-16 07:17:28,Top China Chipmaker SMIC More than Triples in Shanghai Debut,https://finance.yahoo.com/news/top-china-chipmaker-smic-more-012644190.html
2020-07-17 12:08:11,Apple to Gain a New Chinese iPhone Maker During a Trade War,https://finance.yahoo.com/news/apple-gain-chinese-iphone-maker-120811630.html
2020-07-20 08:30:51,Chinese AirPods Maker Soars on Deal to Assemble iPhone Amid Trade Tensions,https://finance.yahoo.com/news/chinese-airpods-maker-soars-deal-042657171.html
2020-08-03 17:36:45,"US STOCKS-Microsoft, Apple lift Wall St as investors await stimulus",https://finance.yahoo.com/news/us-stocks-microsoft-apple-lift-173645598.html
2020-08-05 08:07:12,"Sharp reports 38% drop in first-quarter operating profit, beats analyst estimates",https://finance.yahoo.com/news/sharp-reports-38-drop-first-080712338.html
2020-08-13 04:49:14,"China’s Days as World’s Factory Are Over, IPhone Maker Says",https://finance.yahoo.com/news/hon-hai-beats-profit-estimates-060452592.html
2020-08-18 09:58:39,IPhone Supplier Catcher to Sell China Units for $1.4 Billion,https://finance.yahoo.com/news/iphone-supplier-catcher-sell-china-095839789.html
2020-08-24 03:02:29,"Apple Korea, under antitrust probe, proposes $84 mln to support small businesses",https://finance.yahoo.com/news/apple-korea-under-antitrust-probe-030229770.html?.tsrc=rss
2020-08-24 08:55:39,Tencent Gains $37 Billion After U.S. Reassures on WeChat Ban,https://finance.yahoo.com/news/tencent-gains-26-billion-u-023038500.html?.tsrc=rss
2020-09-02 13:43:00,Apple Loses Relief Motion in Patent Case Against VirnetX,https://finance.yahoo.com/m/1479835e-8974-3b0b-bbb6-d2b4e2dfa4ed/apple-loses-relief-motion-in.html
2020-09-02 14:29:00,VirnetX Beats Apple Again in Decade-Old Patent Lawsuit,https://finance.yahoo.com/news/virnetx-beats-apple-again-decade-142900358.html
2020-09-04 10:00:00,Billionaire investor Mario Gabelli: My taxes ‘should’ go up,https://finance.yahoo.com/video/billionaire-investor-mario-gabelli-taxes-100000280.html
2020-09-09 18:50:27,7 Undervalued Stocks to Buy Before They’re Blasting Off Again,https://finance.yahoo.com/news/7-undervalued-stocks-buy-blasting-185027931.html
2020-09-14 11:12:18,iPhone Makers Among Winners in $6.6 Billion India Plan,https://finance.yahoo.com/news/iphone-makers-said-among-winners-024451354.html
2020-09-16 19:29:28,"GLOBAL MARKETS-Shares gain, dollar firm as Fed sticks to agenda of near-zero rates",https://finance.yahoo.com/news/global-markets-shares-gain-dollar-192928919.html?.tsrc=rss
2020-09-17 12:00:41,Peloton's major rival Tonal just raised $110 million from athletes like Stephen Curry,https://finance.yahoo.com/news/pelotons-rival-tonal-raised-110-million-from-atheletes-like-stephen-curry-120041855.html?.tsrc=rss
2020-10-06 15:30:21,iPhone Makers Win Nod for $143 Billion India Manufacturing Plan,https://finance.yahoo.com/news/iphone-makers-win-nod-143-153021662.html?.tsrc=rss
2020-10-08 09:53:11,TSMC Leads Chipmakers’ Sales Surge Ahead of New iPhones,https://finance.yahoo.com/news/tsmc-third-quarter-sales-surge-055258718.html?.tsrc=rss
2020-10-12 11:52:03,"Dow Jones Futures Up, Tech Futures Signal Strong Stock Market Rally Despite Stimulus Talks At 'Impasse'; Apple iPhone, Amazon Prime Day On Tap",https://finance.yahoo.com/m/87570291-0116-3c66-958f-a171dda457bf/dow-jones-futures-up%2C-tech.html
2020-10-13 17:21:00,Stocks Mixed But This Dow Jones Stock Rises; Two Chip Stocks Break Out,https://finance.yahoo.com/m/716e6389-b367-3b66-a3cd-d04dc1a66867/stocks-mixed-but-this-dow.html
2020-10-21 21:00:00,Apple’s Shifting Supply Chain Creates Boomtowns in Rural Vietnam,https://finance.yahoo.com/news/apple-shifting-supply-chain-creates-210000612.html
2020-10-27 07:55:20,"Apple Plans Smaller AirPods Pro, Revamped Entry-Level Model",https://finance.yahoo.com/news/apple-developing-smaller-airpods-pro-100000090.html
2020-10-28 01:03:55,AMD’s $35 Billion Deal Pushes 2020 Toward a Record for Chip M&amp;A,https://finance.yahoo.com/news/amd-35-billion-deal-pushes-010355468.html?.tsrc=rss
2020-11-03 01:17:24,Apple to Launch MacBooks With Own Chips Next Week,https://finance.yahoo.com/news/apple-hold-nov-10-event-172822723.html
2020-11-09 06:00:25,Apple Puts iPhone Maker Pegatron On Probation Over Labor Violations,https://finance.yahoo.com/news/apple-puts-iphone-maker-pegatron-060025843.html
2020-11-13 22:45:31,Muhlenkamp &amp; Co.'s Top 4 Trades of the 3rd Quarter,https://finance.yahoo.com/news/muhlenkamp-co-top-4-trades-224531161.html?.tsrc=rss
2020-11-25 06:30:00,South Korea Unveils AI Chip to Maintain Semiconductor Leadership,https://finance.yahoo.com/news/south-korea-unveils-ai-chip-063000516.html?.tsrc=rss
2020-12-07 16:43:30,"Bob Dylan's Latest Tune Is ‘Hey, Mr. Cash Machine Man’",https://finance.yahoo.com/news/bob-dylans-latest-tune-hey-164330832.html?.tsrc=rss
2020-12-14 02:10:16,"Apple Probes iPhone Supplier After Worker Protests Over Wages, Working Hours Turn Violent In India",https://finance.yahoo.com/news/iphone-factory-vandalized-workers-india-021016263.html?.tsrc=rss
2020-12-15 04:28:31,Apple Supplier's iPhone Factory Suffers $7M In Damages During Violent Worker Protests,https://finance.yahoo.com/news/apple-suppliers-iphone-factory-suffers-042831828.html?.tsrc=rss
2020-12-15 15:04:15,"Dow Jones Rebounds, Stocks Climb On Stimulus Compromise; Baidu Looks Into EVs, Apple Boosts iPhone Output",https://finance.yahoo.com/m/e1db873b-4c24-3592-a15a-77fdb9c2862e/dow-jones-rebounds%2C-stocks.html
2020-12-16 03:14:11,Japan shares rise on Wall Street gains; Apple suppliers shine,https://finance.yahoo.com/news/japan-shares-rise-wall-street-031411321.html
2020-12-16 06:53:43,Nikkei ends higher on Wall Street cues; Apple-related shares gain,https://finance.yahoo.com/news/nikkei-ends-higher-wall-street-065343428.html
2020-12-17 12:09:59,Indian trade union slams govt for failing to address worker woes after Wistron violence,https://finance.yahoo.com/news/indian-trade-union-slams-govt-120959187.html
2020-12-21 02:53:05,iPhone Maker Slides After Riot Spurs Apple to Suspend Business,https://finance.yahoo.com/news/iphone-maker-slides-riot-spurs-025305351.html?.tsrc=rss
2020-12-23 11:00:20,Apple's $549 AirPods Max Headphones Offer Big Sound and Bugs: Review,https://finance.yahoo.com/news/apples-549-airpods-max-headphones-110020043.html
2020-12-28 21:05:37,"Apple Stock, CMG, PYPL Among Top Tech Stocks, Retailers To Watch",https://finance.yahoo.com/m/c1a10da3-1a9b-3560-a079-574fc20e68bb/apple-stock%2C-cmg%2C-pypl-among.html?.tsrc=rss
2020-12-30 16:48:00,‘We’re envisioning a world where there’s an AI that you trust’: LivePerson CEO,https://finance.yahoo.com/video/envisioning-world-where-ai-trust-164800024.html?.tsrc=rss
2021-01-05 14:00:00,iPhone Supply Chain Sends Bullish Signal on 5G After Tepid Start,https://finance.yahoo.com/news/iphone-supply-chain-sends-bullish-140000006.html?.tsrc=rss
2021-01-05 21:27:33,Dow Jones Gains 168 Points Amid Georgia Senate Vote; These 4 Stocks Break Out,https://finance.yahoo.com/m/ead89ce9-5ce3-3783-9a62-b4e9e5e24d70/dow-jones-gains-168-points.html?.tsrc=rss
2021-01-08 03:21:50,China’s Baidu Teams With Geely on Electric Cars,https://finance.yahoo.com/news/china-baidu-teams-geely-electric-032150096.html?.tsrc=rss
2021-01-08 05:41:36,Apple Supplier TSMC’s Quarterly Revenue Hits Record on Strong iPhone Demand,https://finance.yahoo.com/news/apple-supplier-tsmc-quarterly-revenue-054136718.html?.tsrc=rss
2021-01-08 09:09:48,Hyundai Walks Back Confirmation It’s in Talks Over Apple Car,https://finance.yahoo.com/news/hyundai-walks-back-linking-apple-045821609.html?.tsrc=rss
2021-01-12 09:45:11,Missing Chips Snarl Car Production at Factories Worldwide,https://finance.yahoo.com/news/missing-chips-snarl-car-production-104929242.html?.tsrc=rss
2021-01-13 02:50:09,TSMC Profit Surge Cements Kingpin Role in Global Chip Crunch,https://finance.yahoo.com/news/tsmc-surging-profit-cements-kingpin-041420774.html?.tsrc=rss
2021-01-13 10:00:00,Media should ‘stop giving Trump a platform’: Billionaire media mogul,https://finance.yahoo.com/video/media-stop-giving-trump-platform-100000706.html?.tsrc=rss
2021-01-14 11:00:00,Influencers with Andy Serwer: Haim Saban,https://finance.yahoo.com/video/influencers-andy-serwer-haim-saban-110000035.html
2021-01-15 01:30:03,TSMC’s $28 Billion Spending Blitz Ignites a Global Chip Rally,https://finance.yahoo.com/news/tsmc-spend-28-billion-2021-064820722.html
2021-01-15 04:25:17,Chipmaking Tool Supplier Expects Demand Boom to Last Years,https://finance.yahoo.com/news/chipmaking-tool-supplier-expects-demand-042517456.html
2021-01-15 20:02:38,"Going on a Tear Once Again, Tread Carefully With Canoo Stock",https://finance.yahoo.com/news/going-tear-once-again-tread-200238687.html?.tsrc=rss
2021-01-16 14:21:06,Haim Saban explains why the Fox-Disney merger ‘stumped’ him,https://finance.yahoo.com/video/haim-saban-explains-why-fox-142106581.html?.tsrc=rss
2021-01-18 17:02:09,Sequoia Said to Invest in Auto1 at $7.2 Billion Value Before IPO,https://finance.yahoo.com/news/sequoia-said-invest-auto1-7-170209744.html
2021-01-19 14:45:24,A Year of Poor Planning Led to Carmakers’ Massive Chip Shortage,https://finance.yahoo.com/news/poor-planning-led-carmakers-massive-144524236.html?.tsrc=rss
2021-01-20 07:20:00,MediaTek taps TSMC 6-nanometer tech for new flagship 5G phone chips,https://finance.yahoo.com/news/mediatek-taps-tsmc-6-nanometer-072000141.html
2021-01-21 08:15:43,Apple Supplier Pegatron Prepares To Make iPhones In India With $150M Investment,https://finance.yahoo.com/news/apple-supplier-pegatron-prepares-iphones-081543565.html
2021-01-21 11:00:17,Apple’s First Headset to Be Niche Precursor to Eventual AR Glasses,https://finance.yahoo.com/news/apple-first-headset-niche-precursor-110017969.html
2021-01-22 14:42:07,Intel Tumbles After New CEO Recommits to Chip Manufacturing,https://finance.yahoo.com/news/intel-gives-upbeat-forecast-demand-210518064.html
2021-01-22 15:27:03,"Q4 Earnings Come to Regional Banks: ALLY, HBAN &amp; More",https://finance.yahoo.com/news/q4-earnings-come-regional-banks-152703479.html?.tsrc=rss
2021-01-22 15:38:03,"IBM's Q4 Earnings Beat Estimates, Stock Down on Revenue Miss",https://finance.yahoo.com/news/ibms-q4-earnings-beat-estimates-153803075.html?.tsrc=rss
2021-01-24 11:51:27,"Earnings to Watch Next Week: Microsoft, Apple, Tesla and Facebook in Focus",https://finance.yahoo.com/news/earnings-watch-next-week-microsoft-115127914.html?.tsrc=rss
2021-01-25 21:06:20,The World Is Dangerously Dependent on Taiwan for Semiconductors,https://finance.yahoo.com/news/world-dangerously-dependent-taiwan-semiconductors-210620534.html
2021-01-26 12:30:55,5G Stocks To Buy And Watch: Apple Earnings Due Amid 5G 'Supercycle' Expectations,https://finance.yahoo.com/m/2507e9a5-e909-3ae6-b29e-1121de262af0/5g-stocks-to-buy-and-watch%3A.html?.tsrc=rss
2021-01-26 12:56:47,College Dropout Becomes Billionaire With Chinese Gaming Platform,https://finance.yahoo.com/news/college-dropout-becomes-billionaire-chinese-210000752.html?.tsrc=rss
2021-01-27 02:21:36,"LG Display reports stronger profit on iPhone demand, rising panel prices",https://finance.yahoo.com/news/lg-display-reports-stronger-profit-022136848.html?.tsrc=rss
2021-01-27 14:49:21,Kenyan tech entrepreneur explains why he turned down a scholarship to Harvard,https://finance.yahoo.com/video/kenyan-tech-entrepreneur-explains-why-144921570.html?.tsrc=rss
2021-01-28 06:52:15,"War on Wall Street, GDP &amp; Jobless Claims, Earnings Deluge - What's up in Markets",https://finance.yahoo.com/news/war-wall-street-gdp-jobless-065215367.html
2021-01-28 13:00:05,Samsung Net Profit Misses Estimates After 5G iPhone’s Debut,https://finance.yahoo.com/news/samsung-net-profit-misses-estimates-001526522.html
2021-01-29 05:47:45,SK Hynix Sounds Upbeat Note on Chip Demand After Tripling Profit,https://finance.yahoo.com/news/sk-hynix-sounds-upbeat-note-054745034.html
2021-01-29 11:00:00,Young Kenyan entrepreneur explains why he admires Bill Gates and Warren Buffett,https://finance.yahoo.com/video/young-kenyan-entrepreneur-explains-why-110000096.html?.tsrc=rss
2021-02-02 16:53:00,"Apple Could Partner With Hyundai for Apple Car, Says Analyst",https://finance.yahoo.com/m/a8b27b25-76fe-3d74-b3b0-29484fd1c8ed/apple-could-partner-with.html?.tsrc=rss
2021-02-04 00:45:31,"Sony Surges to 20-Year High as IPhone, Games Spur Outlook Hike",https://finance.yahoo.com/news/sony-boosts-forecasts-profits-smash-061121044.html
2021-02-05 18:15:28,"Dow Rallies As J&amp;J Gains, Senate OKs Budget Plan For Biden Stimulus Bill",https://finance.yahoo.com/m/3bbdce70-aeaa-3aea-b89c-7a59a6783528/dow-rallies-as-j%26j-gains%2C.html
2021-02-05 21:35:33,"Apple Talks With Hyundai, Kia on Electric Car Paused Recently",https://finance.yahoo.com/news/apple-talks-hyundai-kia-electric-213533914.html?.tsrc=rss
2021-02-08 00:04:58,"Hyundai, Kia Shares Fall, Did-They-Didn’t-They Game Over Apple Talks Continues",https://finance.yahoo.com/news/hyundai-kia-shares-fall-did-000458655.html?.tsrc=rss
2021-02-08 01:31:36,Chip Shortage Spirals Beyond Cars to Phones and Consoles,https://finance.yahoo.com/news/chip-shortage-spirals-beyond-cars-200059989.html?.tsrc=rss
2021-02-08 07:45:17,"Apple Car Talks Aren’t Happening, Say Automakers Hyundai, Kia",https://finance.yahoo.com/news/hyundai-kia-aren-t-ev-001457674.html
2021-02-08 21:36:35,Tom Gayner's Top 5 Trades of the 4th Quarter,https://finance.yahoo.com/news/tom-gayners-top-5-trades-213635076.html?.tsrc=rss
2021-02-09 11:41:45,Apple Partner Wistron to Restart Riot-Hit iPhone Factory in India,https://finance.yahoo.com/news/apple-partner-wistron-restart-riot-114145371.html?.tsrc=rss
2021-02-09 13:01:01,Contactless Payments Gaining Traction: 5 Stocks to Watch,https://finance.yahoo.com/news/contactless-payments-gaining-traction-5-130101562.html?.tsrc=rss
2021-02-11 20:10:16,Billionaire Paul Tudor Jones’ Top 10 Stock Picks,https://finance.yahoo.com/news/billionaire-paul-tudor-jones-top-181016737.html
2021-02-13 14:30:00,This Growth Stock Is a Terrific Bargain Right Now,https://finance.yahoo.com/m/685ddc4a-2a4b-36d4-8ce1-f91bc7a2cc3e/this-growth-stock-is-a.html?.tsrc=rss
2021-02-13 18:19:00,Investors Haven’t Figured Out This Company Is Growing Like a Chip Stock—Yet,https://finance.yahoo.com/m/4ef9dd7a-0b74-3de5-9fd4-51e076398afb/investors-haven%E2%80%99t-figured-out.html?.tsrc=rss
2021-02-13 18:21:20,Billionaire Ken Fisher’s Top 10 Stock Picks,https://finance.yahoo.com/news/billionaire-ken-fisher-top-10-182120323.html
2021-02-16 17:17:00,Dow Jones Hits New High As Stock Market Gains Fade; Bitcoin Soars Again,https://finance.yahoo.com/m/6bc80ba6-ad24-3573-ae72-f863fea64521/dow-jones-hits-new-high-as.html?.tsrc=rss
2021-02-17 13:18:21,"Dow Jones Futures: Apple, Tesla Test Support As JPMorgan, Caterpillar Break Out; 7 Key Earnings",https://finance.yahoo.com/m/2cce3ed3-3dd9-325a-aac5-294fd99d3b44/dow-jones-futures%3A-apple%2C.html?.tsrc=rss
2021-02-17 19:03:17,"Texas Power Failures Shut Chip Factories, Squeezing Tight Supply",https://finance.yahoo.com/news/texas-power-failures-shut-chip-173423320.html
2021-02-17 21:00:19,The massive chip shortage highlights the single weakest link in the auto supply chain,https://finance.yahoo.com/news/chip-shortage-highlights-the-single-weakest-link-in-the-auto-supply-chain-210019402.html
2021-02-18 07:12:27,"Biden Team Pressing Taiwan, Allies on Auto Chip Shortfall",https://finance.yahoo.com/news/biden-aide-deese-asks-taiwan-024937610.html?.tsrc=rss
2021-02-18 10:36:28,Apple Supplier SiTime Raises $190.5M At 9.5% Discount,https://finance.yahoo.com/news/apple-supplier-sitime-raises-190-103628274.html?.tsrc=rss
2021-02-18 21:01:42,Top 4th-Quarter Trades of Jeremy Grantham's Firm,https://finance.yahoo.com/news/top-4th-quarter-trades-jeremy-210142460.html?.tsrc=rss
2021-02-18 21:38:27,Dow Jones Closes Lower After Jobless Claims Report; GameStop House Hearing Begins,https://finance.yahoo.com/m/f62468e4-3188-3304-a2e3-276251385d8b/dow-jones-closes-lower-after.html
2021-02-19 00:30:55,Universal Electronics Inc (UEIC) Q4 2020 Earnings Call Transcript,https://finance.yahoo.com/m/32fd662a-ca7a-3c1e-aacc-945abec3ba9a/universal-electronics-inc.html?.tsrc=rss
2021-02-19 21:37:11,Dow Jones Closes At Break-Even After Paring Earlier Gains; These Travel Stocks Break Out,https://finance.yahoo.com/m/44c64616-2fe0-3c17-b167-4489f2d92790/dow-jones-closes-at.html?.tsrc=rss
2021-02-22 10:32:05,"Alibaba, Pinduoduo Fight Against China’s Looming Food Crisis",https://finance.yahoo.com/news/alibaba-pinduoduo-join-fight-against-210000436.html
2021-02-22 17:00:00,Apple Is the Top Dog in Smartphone Sales Once Again,https://finance.yahoo.com/m/54f48d3d-212f-3892-b5cf-0bebff624743/apple-is-the-top-dog-in.html?.tsrc=rss
2021-02-22 17:48:13,"China EV Updates: Nio Tests New Power Swap Station, XPeng's Travel Statistics, Geely, Baidu Make Progress On JV, Xiaomi Downplays Rumors",https://finance.yahoo.com/news/china-ev-updates-nio-tests-174813059.html?.tsrc=rss
2021-02-23 13:13:26,"Dow Jones Futures Rise, Tech Futures Dive As Bitcoin Tumbles; ZoomInfo Leads Earnings Movers",https://finance.yahoo.com/m/4ad46e33-4045-3837-92a0-724f7d5d7dd8/dow-jones-futures-rise%2C-tech.html
2021-02-23 21:31:04,Dow Jones Pares Losses To Close Flat As Nasdaq Remains Negative,https://finance.yahoo.com/m/610d766c-2447-3447-bd7e-02d402dc29fb/dow-jones-pares-losses-to.html
2021-02-24 21:06:47,"EV Startup, Apple Partner To Launch New Electric Car, Vow Short Development Time",https://finance.yahoo.com/m/6017d949-ce8e-3afb-8afc-13cf082afa52/ev-startup%2C-apple-partner-to.html
2021-02-25 14:19:16,Blockbuster movies will come back after COVID-19: former Legendary Entertainment CEO,https://finance.yahoo.com/news/blockbuster-movies-will-come-back-after-covid-19-former-legendary-entertainment-ceo-141916686.html?.tsrc=rss
2021-02-25 20:05:33,"HP shocks Wall Street, blows away earnings estimates",https://finance.yahoo.com/news/hp-earnings-fiscal-q1-2021-200533154.html?.tsrc=rss
2021-02-25 20:14:08,Stocks Remain Weak In Final Hour As Nasdaq Leads Broad Sell-Off; Leading Stocks Stumble,https://finance.yahoo.com/m/46432950-411c-394f-80f0-4d84a81390c5/stocks-remain-weak-in-final.html?.tsrc=rss
2021-02-25 20:24:59,"Governments need more money to fight Google antitrust cases, lawyer tells Congress",https://finance.yahoo.com/news/doj-states-lack-funds-to-police-big-tech-antitrust-violations-witness-202459535.html?.tsrc=rss
2021-02-25 23:30:00,Fisker’s Earnings Don’t Matter. More Sales Reservations and a New Model Do.,https://finance.yahoo.com/m/ca607cf1-ad5c-3704-936c-134d896be361/fisker%E2%80%99s-earnings-don%E2%80%99t.html?.tsrc=rss
2021-02-26 14:14:00,What to Watch for in Berkshire Hathaway’s Earnings Report,https://finance.yahoo.com/m/8b0dcd57-6aaf-3db8-82da-064ce681ae47/what-to-watch-for-in.html?.tsrc=rss
2021-02-26 16:29:35,C3.ai Has Great Pedigree and Is Set for Better Days,https://finance.yahoo.com/news/c3-ai-great-pedigree-set-162935321.html?.tsrc=rss
2021-03-01 15:02:20,"Dow Jumps 600 Points As House Passes Stimulus Bill; Tesla Rebounds, While Nio, Zoom Video To Report Earnings",https://finance.yahoo.com/m/916e277b-4862-3b75-aaf3-8bef64dabe11/dow-jumps-600-points-as-house.html?.tsrc=rss
2021-03-01 22:05:12,"Dow Jones Rips 600 Points Higher, Led By Boeing, Apple; Zoom Video Surges Late On Earnings",https://finance.yahoo.com/m/ae1cdff5-1fcf-3c5e-b2f6-9988a9cd3d9b/dow-jones-rips-600-points.html?.tsrc=rss
2021-03-02 12:17:12,S&amp;P 500 Sees Best Day Since June: Here're the Top 5 Gainers,https://finance.yahoo.com/news/p-500-sees-best-day-121712864.html?.tsrc=rss
2021-03-02 12:48:52,"Dow Jones Futures: Is Stock Market Pullback Over? Nio Tumbles, Zoom Soars On Earnings",https://finance.yahoo.com/m/89550309-7bc8-341a-8688-788f6d7cce81/dow-jones-futures%3A-is-stock.html?.tsrc=rss
2021-03-02 13:31:06,S&amp;P 500 Takes Breather Following Biggest One-Day Gain Since June,https://finance.yahoo.com/news/p-500-takes-breather-following-133106361.html?.tsrc=rss
2021-03-02 21:14:24,Chip Machinery Makers Emerge as Big Winners in Supply Crunch,https://finance.yahoo.com/news/chip-machinery-makers-emerge-biggest-145146822.html?.tsrc=rss
2021-03-03 21:28:05,Dow Jones Reverses Lower As Nasdaq Leads Sell-Off; These Stocks Fall On Earnings,https://finance.yahoo.com/m/900380be-5bd7-3e39-8f76-025bc9730491/dow-jones-reverses-lower-as.html?.tsrc=rss
2021-03-04 11:55:18,ByteDance Said to Invest in Chinese Self-Driving Startup QCraft,https://finance.yahoo.com/news/bytedance-said-invest-chinese-self-115518012.html?.tsrc=rss
2021-03-04 14:24:11,"Gold in $1,600 Territory As U.S. Bond Yields, Dollar Spike Again",https://finance.yahoo.com/news/gold-1-600-territory-u-142411785.html?.tsrc=rss
2021-03-04 17:14:10,IPhone Demand Drives Q1 Growth For Apple Supplier Foxconn,https://finance.yahoo.com/news/iphone-demand-drives-q1-growth-171410410.html?.tsrc=rss
2021-03-04 22:17:47,Broadcom Falls After Chip Sales Miss IPhone-Fueled Expectations,https://finance.yahoo.com/news/broadcom-gives-forecast-meets-wall-212838805.html?.tsrc=rss
2021-03-05 00:32:20,Broadcom CEO Says Demand Is ‘Real’ as Chip Orders Flood In,https://finance.yahoo.com/news/broadcom-ceo-says-sales-real-232307999.html?.tsrc=rss
2021-03-05 03:00:58,Jamf Holding Corp. (JAMF) Q4 2020 Earnings Call Transcript,https://finance.yahoo.com/m/ec1743d9-4f14-3080-8be2-c12c90fd9a0e/jamf-holding-corp.-%28jamf%29-q4.html?.tsrc=rss
2021-03-05 15:23:59,"Dow Slashes Gains, Tech Stocks Slide As Yields Jump After Strong Jobs Report; Tesla Dives Again",https://finance.yahoo.com/m/7f7172b8-e922-326a-acc4-fb74d488e816/dow-slashes-gains%2C-tech.html?.tsrc=rss
2021-03-05 16:03:47,Corsair Stock Is Down But It Still Has Game,https://finance.yahoo.com/news/corsair-stock-down-still-game-160347167.html?.tsrc=rss
2021-03-07 12:45:00,These 2 Growth Stocks Are Great Bargains Right Now,https://finance.yahoo.com/m/12cfc7ff-e110-3322-aae5-58b7582ebce3/these-2-growth-stocks-are.html?.tsrc=rss
2021-03-09 15:02:59,"Dow Jones Today, Futures Rise As Techs, Bonds Bounce; Apple, Tesla, Baidu Take Early Leads",https://finance.yahoo.com/m/fc60480f-323f-3b14-8f3a-92c4f72c79e1/dow-jones-today%2C-futures-rise.html?.tsrc=rss
2021-03-09 18:31:00,Disney+ tops 100 million paid subscribers,https://finance.yahoo.com/m/4cef448e-da33-3e99-9dac-04df891bbb26/disney%2B-tops-100-million-paid.html?.tsrc=rss
2021-03-09 21:13:55,Peloton Eyes Big Expansion As Vaccinations Raise Questions About At-Home Fitness,https://finance.yahoo.com/m/9c88d462-0e91-34fc-bb1b-e2080ed0b265/peloton-eyes-big-expansion-as.html?.tsrc=rss
2021-03-10 01:02:00,"Sonos Targets Nearly Double Revenue by 2024, Unveils New Speaker",https://finance.yahoo.com/news/sonos-targets-annual-revenue-growth-210032720.html?.tsrc=rss
2021-03-10 08:20:51,Taiwan Probe Spurs Fears of China Poaching Top Chip Talent,https://finance.yahoo.com/news/bitmain-probe-spurs-fears-china-044735322.html
2021-03-10 15:43:34,Asus Launches ROG Phone 5 Aimed At Android Gamers: Bloomberg,https://finance.yahoo.com/news/asus-launches-rog-phone-5-154334078.html
2021-03-10 16:00:21,Fisker CEO's Tweet Reveals Additional Details for Project Pear EV Collab,https://finance.yahoo.com/news/fisker-ceos-tweet-reveals-additional-160021990.html?.tsrc=rss
2021-03-10 16:51:38,"Dow Rallies 300 Points, Tech Stocks Slash Gains, Yields Flat After Inflation Data; Tesla Reverses",https://finance.yahoo.com/m/e146f262-0120-35ce-8a49-703ac3c1bdec/dow-rallies-300-points%2C-tech.html?.tsrc=rss
2021-03-10 23:15:45,"Schwab, TD Ameritrade Experts Talk Retail Trader Sentiment, Inflation, Reopening Plays",https://finance.yahoo.com/news/schwab-ameritrade-experts-talk-retail-231545657.html?.tsrc=rss
2021-03-11 05:00:00,Apple Tilts to iPhone Playbook for Car as Automaker Talks Stall,https://finance.yahoo.com/news/apple-tilts-iphone-playbook-car-050000955.html?.tsrc=rss
2021-03-11 10:03:17,Apple starts iPhone 12 assembly in India,https://finance.yahoo.com/news/apple-starts-iphone-12-assembly-100317219.html
2021-03-11 12:15:00,Oppo Launches New Flagship Smartphone as China Market Roars Back,https://finance.yahoo.com/news/oppo-launches-flagship-smartphone-china-121500967.html?.tsrc=rss
2021-03-11 20:30:00,Apple Chip Supplier Qorvo May Be More Important Than Ever. Here’s Why.,https://finance.yahoo.com/m/0e72c86a-ec74-3770-bca5-0bd18855a913/apple-chip-supplier-qorvo-may.html?.tsrc=rss
2021-03-12 18:45:22,Nasdaq Slips As Biden Stimulus Raises These Fears; Dow Rallies; Warren Buffett Stock Crumbles,https://finance.yahoo.com/m/b0b0a479-b682-38ec-87b8-cbe70fb9dc71/nasdaq-slips-as-biden.html?.tsrc=rss
2021-03-13 14:04:25,"Analyst: Netflix password sharing 'fairly meaningful,' but a crackdown could work",https://finance.yahoo.com/news/netflix-cracking-down-on-password-sharing-could-be-a-net-positive-in-the-long-term-says-analyst-140425567.html?.tsrc=rss
2021-03-13 19:22:09,Billionaire Jeffrey Talpins’ Top 10 Stock Picks,https://finance.yahoo.com/news/billionaire-jeffrey-talpins-top-10-192209692.html?.tsrc=rss
2021-03-15 16:14:27,Dow Jones Reverses Off New High As Stock Market Falters; Why Airlines Are Soaring,https://finance.yahoo.com/m/7ef71463-d857-3af7-b351-ee2a53e3dbd1/dow-jones-reverses-off-new.html?.tsrc=rss
2021-03-15 18:36:00,"Dow Jones Rises, Nasdaq Leads; Airlines Soar; Germany, France Suspend Covid Vaccine",https://finance.yahoo.com/m/13ff93df-8347-3093-a8bf-1e32e1e28c4f/dow-jones-rises%2C-nasdaq.html?.tsrc=rss
2021-03-16 02:53:16,Deutsche Bank Remains Bullish on Apple Stock; Sees 30% Upside,https://finance.yahoo.com/news/deutsche-bank-remains-bullish-apple-025316438.html
2021-03-16 08:07:59,"Apple's iPhone 12, iPhone 12 Pro Trail Android Rivals In 5G Speeds: Report",https://finance.yahoo.com/news/apples-iphone-12-iphone-12-080759090.html?.tsrc=rss
2021-03-16 12:09:14,Dow Jones Futures Fall As Bitcoin Slides From Record Highs; This EV Leader Surges Again,https://finance.yahoo.com/m/c5e5bc97-e786-3ec6-8808-26eaef34fce8/dow-jones-futures-fall-as.html?.tsrc=rss
2021-03-16 13:46:52,S&amp;P 500 Eases From Record High as Tech Fights to Hold Gains Ahead of Fed,https://finance.yahoo.com/news/p-500-eases-record-high-134652915.html?.tsrc=rss
2021-03-16 14:28:48,Here’s Wall Street’s next biggest pain trade: BofA,https://finance.yahoo.com/video/wall-street-next-biggest-pain-142848115.html?.tsrc=rss
2021-03-16 15:29:30,Billionaire Izzy Englander’s Top 10 Stock Picks,https://finance.yahoo.com/news/billionaire-izzy-englander-top-10-152930987.html?.tsrc=rss
2021-03-16 15:41:03,"Apple (AAPL) Dominates Wearables Market in Q4, Xiaomi Trails",https://finance.yahoo.com/news/apple-aapl-dominates-wearables-market-154103407.html
2021-03-16 15:41:41,"Dow Falls As Retail Sales Miss; Tesla Slides, While EV Leader Volkswagen Soars 17%",https://finance.yahoo.com/m/d6a36dec-f4a4-3422-9a04-f0c2649e15ea/dow-falls-as-retail-sales.html?.tsrc=rss
2021-03-16 16:14:26,Dow Jones Falls On Weak Retail Sales; Nasdaq Rallies As These Tech Stocks Lead,https://finance.yahoo.com/m/e1525153-4d25-3a09-b63d-f33282bf34ad/dow-jones-falls-on-weak.html?.tsrc=rss
2021-03-16 18:34:38,"If Your iPhone Charger Blows Up, It May Be a Fake Sold on Instagram",https://finance.yahoo.com/news/iphone-charger-blows-may-fake-170151386.html?.tsrc=rss
2021-03-16 19:21:10,"Dow Jones Leads Market Lower As Nasdaq, S&amp;P 500 Reverse Earlier Gains; Two Chip Stocks Form Alternative Entries",https://finance.yahoo.com/m/48ba633f-9153-313a-b7c0-f3f104608ff8/dow-jones-leads-market-lower.html?.tsrc=rss
2021-03-16 21:12:00,An Aircraft Leasing Company Worth Watching,https://finance.yahoo.com/m/180b17cb-7ff7-3052-b027-96cf389f3811/an-aircraft-leasing-company.html?.tsrc=rss
2021-03-16 23:42:35,Samsung unveils A52 5G and A72 Galaxy smartphones — live updates,https://uk.finance.yahoo.com/news/samsung-raises-alarm-over-semiconductor-234235281.html?.tsrc=rss
2021-03-17 05:05:48,Samsung Warns of Severe Chip Crunch While Delaying Key Phone,https://finance.yahoo.com/news/samsung-warns-serious-imbalance-chips-020444152.html
2021-03-17 07:47:44,Apple App Store Discount For Small Businesses Only Makes A 2.7% Dent To Revenue: Research,https://finance.yahoo.com/news/apple-app-store-discount-small-074744498.html?.tsrc=rss
2021-03-17 08:17:45,Apple Is Said to Cut Off Chinese Supplier Over Xinjiang Labor,https://finance.yahoo.com/news/apple-said-cut-ties-china-053835057.html
2021-03-17 13:54:01,Facebook (FB) to Launch New Platform for Independent Writers,https://finance.yahoo.com/news/facebook-fb-launch-platform-independent-135401932.html?.tsrc=rss
2021-03-17 15:14:59,Apple Spent $2.8B Raised From Green Bond Issue For Clean Energy Projects,https://finance.yahoo.com/news/apple-spent-2-8b-raised-151459019.html?.tsrc=rss
2021-03-17 21:30:48,Apple Nears Launch of New iPads After Stay-At-Home Sales Boost,https://finance.yahoo.com/news/apple-nears-launch-ipads-stay-213048103.html?.tsrc=rss
2021-03-18 05:40:41,Apple To Launch New High-End iPad Line With Self-Built Processor In April: Report,https://finance.yahoo.com/news/apple-launch-high-end-ipad-054041257.html?.tsrc=rss
2021-03-18 08:42:51,Apple's 'I Am a Mac' Guy Now Wants You To Buy A PC Instead,https://finance.yahoo.com/news/apples-am-mac-guy-now-084251638.html
2021-03-18 12:25:12,Apple (AAPL) Rumored to Launch New Powerful iPad Pro This April,https://finance.yahoo.com/news/apple-aapl-rumored-launch-powerful-122512780.html?.tsrc=rss
2021-03-18 14:33:18,Google's Chrome Browser Cookie Blocking Triggers Antitrust Probe: Reuters,https://finance.yahoo.com/news/googles-chrome-browser-cookie-blocking-143318749.html?.tsrc=rss
2021-03-18 15:33:56,Billionaire Ken Griffin’s Top 10 Stock Picks,https://finance.yahoo.com/news/billionaire-ken-griffin-top-10-153356487.html?.tsrc=rss
2021-03-18 15:56:12,What Intel Investors Should Know About Chipmaker's Upcoming 'Unleashed' Event,https://finance.yahoo.com/news/intel-investors-know-chipmakers-upcoming-155612504.html
2021-03-18 17:01:54,How to spring clean your iPhone,https://finance.yahoo.com/video/spring-clean-iphone-170154057.html?.tsrc=rss
2021-03-18 17:33:00,Apple Stock Is Falling Again. Why That’s Not a Problem for the Dow.,https://finance.yahoo.com/m/911b0cc2-b7ee-376c-9d39-b329e132b70f/apple-stock-is-falling-again..html?.tsrc=rss
2021-03-18 18:37:29,Bullish cocktail' still in play for the stock market: strategists,https://finance.yahoo.com/news/bullish-cocktail-still-in-play-for-the-stock-market-strategists-183729124.html
2021-03-18 19:54:36,Spring is almost here — Why it's time to clean up your iPhone,https://finance.yahoo.com/news/how-to-delete-photos-and-videos-from-iphone-195436400.html?.tsrc=rss
2021-03-18 19:58:46,Facebook Teases Technology That Allows Your Brain To Control A Computer,https://finance.yahoo.com/news/facebook-teases-technology-allows-brain-195846592.html?.tsrc=rss
2021-03-19 00:18:25,Apple Warns Against Unauthorized Tracking After China Workaround,https://finance.yahoo.com/news/apple-warns-against-unauthorized-tracking-001825671.html?.tsrc=rss
2021-03-19 05:26:01,Estimating The Fair Value Of Apple Inc. (NASDAQ:AAPL),https://finance.yahoo.com/news/estimating-fair-value-apple-inc-052601491.html?.tsrc=rss
2021-03-19 08:42:56,Tesla On Geely's Mind As It Launches A High-End EV Line: Reuters,https://finance.yahoo.com/news/tesla-geelys-mind-launches-high-084256858.html
2021-03-19 15:04:33,"Best Dow Jones Stocks To Buy And Watch In March 2021: Apple Falls, Nike Dives 5% On Earnings",https://finance.yahoo.com/m/65b53896-faf4-3a06-9d0d-a63cf3c83192/best-dow-jones-stocks-to-buy.html?.tsrc=rss
2021-03-21 16:30:04,Right to repair: what can you do if your mobile phone breaks?,https://uk.finance.yahoo.com/news/repair-mobile-phone-breaks-163004291.html?.tsrc=rss
2021-03-21 22:27:34,"Dow Jones Futures Fall In Uncertain Market Rally; ARK Sets $3,000 Tesla Price Target",https://finance.yahoo.com/m/31d4e3b6-a188-3f04-b259-aaaa61399939/dow-jones-futures-fall-in.html?.tsrc=rss
2021-03-22 06:27:51,"Apple Discontinues The 512GB, 1TB SSD iMACs Following Similar Fate Faced By The iMAC Pro",https://finance.yahoo.com/news/apple-discontinues-512gb-1tb-ssd-062751493.html?.tsrc=rss
2021-03-22 08:41:32,UPDATE 1-Taiwan February export orders surge as work-from-home trend drives tech demand,https://finance.yahoo.com/news/1-taiwan-february-export-orders-084132482.html?.tsrc=rss
2021-03-22 09:01:32,Apple Fined $2M In Brazil For Shipping iPhone 12 Without Charger,https://finance.yahoo.com/news/apple-fined-2m-brazil-shipping-090132191.html?.tsrc=rss
2021-03-22 10:00:13,Apple’s HomePod Mini Has a Secret Sensor Waiting to Be Switched On,https://finance.yahoo.com/news/apple-homepod-mini-secret-sensor-100013887.html?.tsrc=rss
2021-03-22 11:03:00,"Google, Facebook undertake appeasement campaigns before Thursday CEO showdown in House",https://finance.yahoo.com/m/4b31fd06-e94c-3546-b1eb-1e52cb3da9d8/google%2C-facebook-undertake.html?.tsrc=rss
2021-03-22 13:21:00,Better Buy: Baidu vs. Alphabet,https://finance.yahoo.com/m/6f63bb34-3c55-322c-8be6-4839b273c67d/better-buy%3A-baidu-vs.-alphabet.html?.tsrc=rss
2021-03-22 14:31:30,Will Apple's iPhone 13 Launch In September? This Analyst Thinks So,https://finance.yahoo.com/news/apples-iphone-13-launch-september-143130273.html?.tsrc=rss
2021-03-22 15:46:00,"Apple iPhone 12 Sales Will Stay Strong, Analyst Says",https://finance.yahoo.com/m/d953b41f-3f66-37e4-afd9-3214e6c64db5/apple-iphone-12-sales-will.html?.tsrc=rss
2021-03-22 16:19:27,"Dow Jones Up; Tesla Stock Gains As Elon Musk Eases These Fears; Disney, Apple Lead Blue Chips",https://finance.yahoo.com/m/2e1fa625-958e-3048-b42f-9c756f4a7f00/dow-jones-up%3B-tesla-stock.html?.tsrc=rss
2021-03-22 17:00:00,"There's No Stopping Apple's iPhone ""Supercycle,"" Says Analyst",https://finance.yahoo.com/m/b74714de-2067-36cc-8d41-2a0e524ba612/there%27s-no-stopping-apple%27s.html?.tsrc=rss
2021-03-23 06:20:52,Apple's iPhone 13 To Feature Samsung's LTPO Displays: Report,https://finance.yahoo.com/news/apples-iphone-13-feature-samsungs-062052129.html?.tsrc=rss
2021-03-23 08:43:00,Butterflies In Apple's Stomach? Judge Allows Macbook Owners To File Class Action Lawsuit,https://finance.yahoo.com/news/butterflies-apples-stomach-judge-allows-084300400.html
2021-03-23 14:04:16,"Unhappy Anniversary: A Year After Pandemic Collapse, Market Looks Ahead To Q1 Earnings",https://finance.yahoo.com/news/unhappy-anniversary-pandemic-collapse-market-140416810.html?.tsrc=rss
2021-03-23 16:52:04,"Iridex (IRIX) Beats on Q4 Earnings, Revenues Increase Y/Y",https://finance.yahoo.com/news/iridex-irix-beats-q4-earnings-165204263.html?.tsrc=rss
2021-03-24 04:21:55,Apple Card Doesn't Discriminate Against Women — At Least Not In Terms Of Credit Limit,https://finance.yahoo.com/news/apple-card-doesnt-discriminate-against-042155037.html?.tsrc=rss
2021-03-24 16:09:49,"Apple Launches Teacher Portfolio, Updates Learning Apps",https://finance.yahoo.com/news/apple-launches-teacher-portfolio-updates-160949397.html?.tsrc=rss
2021-03-24 17:47:37,MacOS X celebrates 20th anniversary as Apple plots complete overhaul of its Mac line-up,https://uk.finance.yahoo.com/news/macos-x-celebrates-20th-anniversary-174737409.html?.tsrc=rss
2021-03-25 07:00:22,RH (RH) Q4 2020 Earnings Call Transcript,https://finance.yahoo.com/m/564a2993-c453-3769-a347-27462a185718/rh-%28rh%29-q4-2020-earnings-call.html?.tsrc=rss
2021-03-25 08:22:48,"Tesla, Nio, And Riot Blockchain Trump FAANG Stocks For Indian Investors",https://finance.yahoo.com/news/tesla-nio-riot-blockchain-trump-082248454.html
2021-03-25 21:45:09,Apple (AAPL) Gains But Lags Market: What You Should Know,https://finance.yahoo.com/news/apple-aapl-gains-lags-market-214509047.html?.tsrc=rss
2021-03-26 01:24:54,"Apple Watch, iPhone Can Remotely Assess 'Frailty' In Cardiovascular Patients",https://finance.yahoo.com/news/apple-watch-iphone-remotely-assess-012454667.html?.tsrc=rss
2021-03-26 07:24:16,Apple Acquired The Highest Number Of AI Startups In Last 5 Years,https://finance.yahoo.com/news/apple-acquired-highest-number-ai-072416018.html?.tsrc=rss
2021-03-26 10:00:00,Apple Considers Launching Rugged Watch for Extreme Sports,https://finance.yahoo.com/news/apple-considers-launching-rugged-watch-100000870.html
2021-03-26 12:00:12,"Progress Software (PRGS) Q1 Earnings Beat, Revenues Rise Y/Y",https://finance.yahoo.com/news/progress-software-prgs-q1-earnings-120012694.html
2021-03-26 15:19:54,7 Ways to Define a Blue-Chip,https://finance.yahoo.com/news/7-ways-define-blue-chip-151954768.html?.tsrc=rss
2021-03-26 17:16:18,"Apple could launch an ‘extreme’ version of Watch, report claims",https://uk.finance.yahoo.com/news/apple-could-launch-extreme-version-171618687.html?.tsrc=rss
2021-03-26 21:53:07,Dan Gilbert-Backed Social Media App Plain Sight Launches Republic Crowdfunding Campaign,https://finance.yahoo.com/news/dan-gilbert-backed-social-media-215307473.html?.tsrc=rss
2021-03-27 10:06:00,"Lessons From My 20,000%-Gaining Stock -- and Other Big Winners",https://finance.yahoo.com/m/c6a3c87c-0802-394c-a20f-7fefcdf4bad3/lessons-from-my.html?.tsrc=rss
2021-03-28 04:00:00,Here’s How the World’s Chip Shortage Is Playing Out for Stocks,https://finance.yahoo.com/news/world-chip-shortage-playing-stocks-040000472.html
2021-03-29 03:26:30,"Apple Rolls Out Another Update To Fix 'Actively Exploited' WebKit Vulnerability In iPhone, iPad, and Watch Devices",https://finance.yahoo.com/news/apple-rolls-another-fix-actively-032630462.html?.tsrc=rss
2021-03-29 07:38:56,"This App For iPhone, iPad Allows You To Create Your Own NFT",https://finance.yahoo.com/news/app-iphone-ipad-allows-create-073856322.html?.tsrc=rss
2021-03-29 08:28:54,Apple Said To Be Mulling A Watch Variant Aimed At Extreme Users,https://finance.yahoo.com/news/apple-said-mulling-watch-variant-082854341.html?.tsrc=rss
2021-03-29 18:34:22,"Apple Encourages Staff to Get Vaccinated, Offers Paid Time Off",https://finance.yahoo.com/news/apple-encourages-staff-vaccinated-offers-183422097.html?.tsrc=rss
2021-03-30 08:15:12,"iPhone Maker Foxconn Q4 Earnings Drop YoY, Miss Street Estimates",https://finance.yahoo.com/news/iphone-maker-foxconn-q4-earnings-081512231.html?.tsrc=rss
2021-03-30 08:36:24,Apple Customers Will Get Access To Independent Repairs In Most Countries By End Of Year,https://finance.yahoo.com/news/apple-customers-access-independent-repairs-083624792.html?.tsrc=rss
2021-03-30 09:02:34,"U.S.-China Tensions Worsened Chip Crunch, TSMC Chairman Says",https://finance.yahoo.com/news/u-china-tensions-worsened-chip-090234202.html
2021-03-30 10:43:40,Epic Games files complaint against Apple with UK regulator,https://finance.yahoo.com/news/epic-games-files-complaint-against-104340130.html?.tsrc=rss
2021-03-30 11:00:00,This Apple Chipmaker Is Primed for a Rebound in April,https://finance.yahoo.com/m/edeebd2c-66ca-35eb-9642-3b2cacd3dc9b/this-apple-chipmaker-is.html?.tsrc=rss
2021-03-30 11:17:10,UPDATE 1-Epic Games files complaint against Apple with UK regulator,https://finance.yahoo.com/news/1-epic-games-files-complaint-111710938.html?.tsrc=rss
2021-03-30 12:30:00,Will We See More Weakness for Apple in the Second Quarter?,https://finance.yahoo.com/m/da4abee9-b651-38d2-ac76-bc5e5350a04e/will-we-see-more-weakness-for.html?.tsrc=rss
2021-03-30 13:27:25,UPDATE 1-Apple to host developers event online again as COVID-19 cases surge,https://finance.yahoo.com/news/1-apple-host-developers-event-132725131.html?.tsrc=rss
2021-03-30 13:38:53,Apple to host developers event online again as COVID-19 cases surge,https://finance.yahoo.com/news/apple-host-developers-event-online-133853097.html?.tsrc=rss
2021-03-30 14:45:00,Apple Developers Conference Will Be Online Again,https://finance.yahoo.com/m/b874e403-2f54-39d1-9258-ec49e10de15b/apple-developers-conference.html?.tsrc=rss
2021-03-30 15:05:00,Apple plans to host all-virtual WWDC event beginning June 7,https://finance.yahoo.com/m/ff200d75-9190-3326-bcbd-3751a56e4258/apple-plans-to-host.html?.tsrc=rss
2021-03-30 15:49:06,Apple iPhone Assembler Warns Of 'Materials Shortages',https://finance.yahoo.com/m/fd5e17a8-29c7-3883-a096-9a1754775214/apple-iphone-assembler-warns.html?.tsrc=rss
2021-03-30 16:03:27,"Apple Supplier Foxconn: Chip Supply Shortage Will Hurt Shipments, Last Through 2022",https://finance.yahoo.com/news/apple-supplier-foxconn-chip-supply-160327493.html?.tsrc=rss
2021-03-30 16:25:00,Apple faces new competition complaint from Epic Games in global battle over App Store payments,https://finance.yahoo.com/m/9bf48918-058e-35fa-b6f4-4514cdc5f806/apple-faces-new-competition.html?.tsrc=rss
2021-03-30 16:56:00,Apple Faces New Challenge from ‘Fortnite’ Developer With Complaint to Competition Regulator,https://finance.yahoo.com/m/e98be1ab-5120-3636-8327-ba2d8c7a63ff/apple-faces-new-challenge.html?.tsrc=rss
2021-03-30 17:53:48,Apple to hold WWDC event online again as it prepares for launch of iOS 15 and other updates,https://uk.finance.yahoo.com/news/apple-hold-wwdc-event-online-175348282.html?.tsrc=rss
2021-03-30 18:00:00,Arm Takes Aim at Intel Chips in Biggest Tech Overhaul in Decade,https://finance.yahoo.com/news/arm-takes-aim-intel-chips-180000700.html?.tsrc=rss
2021-03-30 20:29:04,"GLOBAL MARKETS-Dollar gains, global stocks slip as big tech weighs",https://finance.yahoo.com/news/global-markets-dollar-gains-global-202904155.html?.tsrc=rss
2021-03-31 07:46:00,"End of Quarter, Stimulus Package, Treasuries, Gold, Trading Apple, Nvidia",https://finance.yahoo.com/m/d979b9b3-76f8-3ef0-8366-596db840f4b2/end-of-quarter%2C-stimulus.html?.tsrc=rss
2021-03-31 08:05:00,Huawei Quarterly Sales Fell For First Time After U.S. Sanctions,https://finance.yahoo.com/news/huawei-quarterly-sales-fell-first-080500665.html?.tsrc=rss
2021-03-31 08:12:00,"Apple 'Betrayed' My Trust, Says iPhone User Who Lost $1M To Scam Bitcoin App",https://finance.yahoo.com/news/apple-betrayed-trust-says-iphone-081200226.html?.tsrc=rss
2021-03-31 08:41:02,"Snapchat Parent To Launch AR Glasses And A Drone, Furthering Hardware Push: Report",https://finance.yahoo.com/news/snapchat-parent-launch-ar-glasses-084102615.html?.tsrc=rss
2021-03-31 09:47:09,IATA says travel pass app to launch on Apple mid-April,https://finance.yahoo.com/news/iata-says-travel-pass-app-094709974.html?.tsrc=rss
2021-03-31 11:59:52,"Dow Jones Futures Fall, Tech Futures Rise: Market Rally Awaits Biden Infrastructure Plan; GM Leads 7 Stocks In Buy Range",https://finance.yahoo.com/m/3e3aa0a7-dd92-3737-87bf-e962c4f1e147/dow-jones-futures-fall%2C-tech.html?.tsrc=rss
2021-03-31 12:41:53,Apple’s iPhone update fixes issue that marked ‘Asian’ websites as adult content,https://uk.finance.yahoo.com/news/apple-iphone-fixes-issue-marked-124153539.html?.tsrc=rss
2021-03-31 13:06:01,Apple (AAPL) to Host Virtual WWDC 2021 Between Jun 7 and 11,https://finance.yahoo.com/news/apple-aapl-host-virtual-wwdc-130601649.html?.tsrc=rss
2021-03-31 14:28:04,US STOCKS-Wall Street gains ahead of Biden's spending plan outline,https://finance.yahoo.com/news/us-stocks-wall-street-gains-142804528.html?.tsrc=rss
2021-03-31 14:44:28,"Apple Stock Upgraded On Apple Car Potential, iPhone Strength",https://finance.yahoo.com/m/887ed7d2-ed39-32b7-ad90-ed88a02ad2fd/apple-stock-upgraded-on-apple.html?.tsrc=rss
2021-03-31 18:40:30,Is Apple Stock A Buy Ahead Of Its March-Quarter Earnings Report?,https://finance.yahoo.com/m/7c66194e-24f9-3ffe-bb29-a4dea96f7065/is-apple-stock-a-buy-ahead-of.html?.tsrc=rss
2021-03-31 21:45:09,Apple (AAPL) Outpaces Stock Market Gains: What You Should Know,https://finance.yahoo.com/news/apple-aapl-outpaces-stock-market-214509324.html?.tsrc=rss
2021-04-01 03:37:30,Huawei Warns of Supply Chain Disruption After Growth Evaporates,https://finance.yahoo.com/news/huawei-quarterly-sales-fell-first-080500665.html
2021-04-01 10:13:41,Japan’s Kioxia Is Said to Focus on IPO in Next Few Months,https://finance.yahoo.com/news/japan-kioxia-said-focus-ipo-101341294.html?.tsrc=rss
2021-04-01 10:49:29,"Tech Gains On Biden’s $2 Trillion Infrastructure Push, Stock Upgrades",https://finance.yahoo.com/news/tech-gains-biden-2-trillion-104929116.html?.tsrc=rss
2021-04-01 14:08:33,Apple's Tim Cook joins chorus of critics against Georgia's voting restrictions,https://finance.yahoo.com/news/apples-tim-cook-joins-chorus-140833727.html?.tsrc=rss
2021-04-01 16:08:18,UK Antitrust Watchdog Launches Probe On Facebook's $400M Giphy Acquisition: Report,https://finance.yahoo.com/news/uk-antitrust-watchdog-launches-probe-160818692.html?.tsrc=rss
2021-04-02 12:00:00,"Apple Arcade Launches its Biggest Expansion Yet, Growing its Award-Winning Catalog to More Than 180 Games",https://finance.yahoo.com/news/apple-arcade-launches-biggest-expansion-120000257.html?.tsrc=rss
2021-04-02 14:45:54,Billionaire Ken Fisher’s Top 10 High Dividend Stock Picks,https://finance.yahoo.com/news/billionaire-ken-fisher-top-10-144554445.html?.tsrc=rss
2021-04-02 15:15:15,7 Robinhood Stocks Even Billionaires Want in Their Portfolios,https://finance.yahoo.com/news/7-robinhood-stocks-even-billionaires-151515170.html
2021-04-02 23:07:15,Fortnite maker Epic kicks off UK lawsuit against Google,https://uk.finance.yahoo.com/news/fortnite-maker-epic-kicks-off-230715153.html?.tsrc=rss
2021-04-05 12:20:00,Facebook Stock Is a Buy—and Could Gain 20%,https://finance.yahoo.com/m/117126b7-c1c2-3e9f-90df-7148ba0eb109/facebook-stock-is-a-buy%E2%80%94and.html?.tsrc=rss
2021-04-05 13:11:14,Apple Shares Gain As Cook Drops Hints of Autonomous Car,https://finance.yahoo.com/news/apple-shares-gain-cook-drops-131114573.html?.tsrc=rss
2021-04-05 17:43:21,"Apple preparing to launch iMac that is bigger than any before, leak claims",https://uk.finance.yahoo.com/news/apple-preparing-launch-imac-bigger-174321516.html?.tsrc=rss
2021-04-06 11:15:00,Could Peloton Be a Millionaire-Maker Stock?,https://finance.yahoo.com/m/3b25be58-4062-3912-bc99-c3b8ed4d3fa0/could-peloton-be-a.html?.tsrc=rss
2021-04-06 12:50:00,"Leaders of Apple, Hapbee, AI/ML and Garmin Excited About New Growth Opportunities in Booming Wearable Technologies Market",https://www.globenewswire.com/news-release/2021/04/06/2205055/0/en/Leaders-of-Apple-Hapbee-AI-ML-and-Garmin-Excited-About-New-Growth-Opportunities-in-Booming-Wearable-Technologies-Market.html
2021-04-06 13:43:32,Chip shortage could impact sectors beyond the auto industry: Micron’s Manish Bhatia,https://finance.yahoo.com/video/chip-shortage-could-impact-sectors-134332196.html
2021-04-06 14:18:59,"S&amp;P 500  Flirts With Record, But 'Overbought' Jitters Keep Lid on Gains",https://finance.yahoo.com/news/p-500-flirts-record-overbought-141859864.html?.tsrc=rss
2021-04-06 15:41:36,"Best mobile phone deals in the UK for April 2021: Sales on iPhone, Samsung, Google Pixel and more",https://uk.finance.yahoo.com/news/best-mobile-phone-deals-uk-111134503.html?.tsrc=rss
2021-04-06 15:51:00,Apple Stock Is Rising. Street Focus Turns to Services Ahead of Earnings.,https://finance.yahoo.com/m/73b8b646-5ac7-3188-8572-98301322b103/apple-stock-is-rising.-street.html?.tsrc=rss
2021-04-06 16:07:19,Apple's March-Quarter Sales Seen Getting Lift From Services Growth,https://finance.yahoo.com/m/8c3ed387-a0df-34d7-ac17-935555dd29e6/apple%27s-march-quarter-sales.html?.tsrc=rss
2021-04-06 19:32:50,Why Foxconn's Q1 Revenue Bodes Well for Apple,https://finance.yahoo.com/news/why-foxconns-q1-revenue-bodes-193250463.html?.tsrc=rss
2021-04-07 01:47:27,Hon Hai Revenue Jumps 44% on Stay-at-Home Demand for Gadgets,https://finance.yahoo.com/news/hon-hai-revenue-jumps-44-014727847.html?.tsrc=rss
2021-04-07 07:45:00,Apple and Microsoft Are Top Tech to Watch as Earnings Begin,https://finance.yahoo.com/m/d5a04452-c620-3c47-856e-731e4df1aa93/apple-and-microsoft-are-top.html?.tsrc=rss
2021-04-07 12:01:00,2 Must-Watch Tech Earnings Reports This Month,https://finance.yahoo.com/m/fad8ffa7-160d-3b8e-90f3-320440a24080/2-must-watch-tech-earnings.html?.tsrc=rss
2021-04-07 14:45:45,MacBook buying guide 2021: Air or Pro? How to choose the best Apple laptop for you,https://uk.finance.yahoo.com/news/macbook-buying-guide-2021-air-173620657.html?.tsrc=rss
2021-04-07 15:54:50,Unknown Billionaire Phill Gross’ Top 10 Stock Picks,https://finance.yahoo.com/news/unknown-billionaire-phill-gross-top-155450401.html?.tsrc=rss
2021-04-08 01:20:50,iPhone Users Will Now Be Able To Track Down Their Gadgets Not Made By Apple,https://finance.yahoo.com/news/iphone-users-now-able-track-012050057.html?.tsrc=rss
2021-04-08 06:38:00,"Apple Postponing MacBook, iPad Production Amid Chip Shortage - Report",https://finance.yahoo.com/m/e5d9c5ad-dc96-36e0-83d7-6741c5e05717/apple-postponing-macbook%2C.html?.tsrc=rss
2021-04-08 07:01:01,Apple Reveals Line of Attack for App Store Trial Against Epic,https://finance.yahoo.com/news/apple-reveals-line-attack-app-070101737.html?.tsrc=rss
2021-04-08 07:04:08,Apple to argue it faces competition in video game market in Epic lawsuit,https://finance.yahoo.com/news/apple-argue-faces-competition-video-070408384.html?.tsrc=rss
2021-04-08 07:16:32,"MacBook, iPad production delayed as supply crunch hits Apple - Nikkei",https://finance.yahoo.com/news/macbook-ipad-production-delayed-supply-071632250.html?.tsrc=rss
2021-04-08 08:00:29,"UPDATE 1-MacBook, iPad production delayed as supply crunch hits Apple - Nikkei",https://finance.yahoo.com/news/1-macbook-ipad-production-delayed-080029571.html?.tsrc=rss
2021-04-08 13:01:37,"Dow Jones Today Dips, Nasdaq Futures Hold Gains As Jobless Claims Rise; Apple Climbs Despite Chip Shortage News",https://finance.yahoo.com/m/3ce9b7c9-5996-33f4-aa0b-13c5f29b6b6b/dow-jones-today-dips%2C-nasdaq.html?.tsrc=rss
2021-04-08 13:34:01,Apple (AAPL) Delays Mac and iPad Production on Chip Shortage,https://finance.yahoo.com/news/apple-aapl-delays-mac-ipad-133401963.html?.tsrc=rss
2021-04-08 13:59:37,Dow Jones Today Dips; Nasdaq Rallies Following Weak Jobless Data; Apple Aims For 6th Advance,https://finance.yahoo.com/m/3ce9b7c9-5996-33f4-aa0b-13c5f29b6b6b/dow-jones-today-dips%3B-nasdaq.html?.tsrc=rss
2021-04-08 15:22:00,"Apple Mac, iPad Production Reportedly Slowed by Component Shortages",https://finance.yahoo.com/m/1198d41b-a81d-3521-a7e7-6464f52d8223/apple-mac%2C-ipad-production.html?.tsrc=rss
2021-04-08 16:19:16,Dow Jones Slips On Jobless Claims; Nasdaq Rallies With Powell Speech Due; Apple Spikes Again,https://finance.yahoo.com/m/bfb31519-1384-33fc-a2ad-bc352e60a644/dow-jones-slips-on-jobless.html?.tsrc=rss
2021-04-08 21:01:18,The Chip Industry Has a Problem With Its Giant Carbon Footprint,https://finance.yahoo.com/news/chip-industry-problem-giant-carbon-210118303.html
2021-04-09 05:36:16,TSMC Quarterly Sales Rise 17% After Surge in Chip Demand,https://finance.yahoo.com/news/tsmc-quarterly-sales-rise-17-053616897.html
2021-04-09 18:40:39,"Apple iPhone 12 Sales Seen Getting Lift From Tax Refunds, Stimulus Checks",https://finance.yahoo.com/m/9c62e426-464a-32ea-9ff2-bf09f94387a5/apple-iphone-12-sales-seen.html?.tsrc=rss
2021-04-09 20:02:30,U.S. senators criticize Apple for not testifying on antitrust concerns,https://ca.finance.yahoo.com/news/u-senators-criticize-apple-not-200230619.html?.tsrc=rss
2021-04-09 20:47:25,UPDATE 1-U.S. senators criticize Apple for not testifying on antitrust concerns,https://finance.yahoo.com/news/1-u-senators-criticize-apple-204725973.html?.tsrc=rss
2021-04-10 14:46:07,10 Best Tech Stocks to Buy According to Billionaire Ken Griffin,https://finance.yahoo.com/news/10-best-tech-stocks-buy-144607854.html?.tsrc=rss
2021-04-11 17:51:38,Microsoft in Talks to Buy AI Firm Nuance Communications,https://finance.yahoo.com/news/microsoft-talks-buy-ai-firm-175138448.html?.tsrc=rss
2021-04-11 21:58:18,Apple agrees to testify before U.S. Senate on app store antitrust concerns,https://finance.yahoo.com/news/apple-agrees-testify-u-senate-215818736.html?.tsrc=rss
2021-04-12 00:31:16,Microsoft Makes Big Bet on Health-Care AI Technology With Nuance,https://finance.yahoo.com/news/microsoft-makes-big-bet-health-003116223.html
2021-04-12 06:33:35,S.Korea's regulator to probe Hyundai Motor execs for alleged insider trading -report,https://finance.yahoo.com/news/koreas-regulator-probe-hyundai-motor-063335366.html?.tsrc=rss
2021-04-12 12:54:12,Apple (AAPL) to Testify at Senate Hearing on Antitrust Issues,https://finance.yahoo.com/news/apple-aapl-testify-senate-hearing-125412584.html?.tsrc=rss
2021-04-12 13:44:51,Apple Working On Smart-Home Ecosystem Efforts To Gain Market Share: Bloomberg,https://finance.yahoo.com/news/apple-working-smart-home-ecosystem-134451864.html?.tsrc=rss
2021-04-12 15:38:00,Apple Is Said to Be Developing New Smart-Home Products,https://finance.yahoo.com/m/bce611f5-a991-37e3-b847-dfe01c9a5c65/apple-is-said-to-be.html?.tsrc=rss
2021-04-12 16:15:17,"Huawei Targets Over $1B On Self-Driving, EV Technologies R&amp;D, Amid Claims Of Beating Tesla: Bloomberg",https://finance.yahoo.com/news/huawei-targets-over-1b-self-161517027.html?.tsrc=rss
2021-04-12 19:32:32,"Tesla 'Bringing A Machine Gun To A Knife Fight,' Canaccord Genuity Analyst Says",https://finance.yahoo.com/news/tesla-bringing-machine-gun-knife-193232954.html?.tsrc=rss
2021-04-13 10:00:00,Biden Hears 310 Companies Urge Speed on Climate: ‘Raise the Bar’,https://finance.yahoo.com/news/biden-hears-310-companies-urge-100000686.html?.tsrc=rss
2021-04-13 10:43:25,"Hey Siri, when is Apple's next event? April 20",https://finance.yahoo.com/news/hey-siri-apples-next-event-104325861.html?.tsrc=rss
2021-04-13 13:00:28,Microsoft is updating its MacBook Air competitor for the work from home age,https://finance.yahoo.com/news/microsoft-surface-laptop-4-release-date-price-130023014.html?.tsrc=rss
2021-04-13 13:25:00,Apple to Unveil New Products at April 20 'Spring Loaded' Event,https://finance.yahoo.com/m/f48101ee-dc94-3e17-a0e4-c7bb0090f70c/apple-to-unveil-new-products.html?.tsrc=rss
2021-04-13 13:48:00,Oops! Siri Prematurely Reveals the Date of Apple's Next Product Event,https://finance.yahoo.com/m/b16a1b6b-3b82-3b35-8d4f-f72227861235/oops%21-siri-prematurely.html?.tsrc=rss
2021-04-13 15:22:00,"Apple Sets Mysterious April 20 Product Event, According to Siri",https://finance.yahoo.com/m/09a3f0e1-de0f-30f0-b2c6-89e83fa52673/apple-sets-mysterious-april.html?.tsrc=rss
2021-04-13 15:48:00,"First-Quarter PC Sales Grew at Fastest Rate in 20 Years, in Boon for Apple, HP, Dell",https://finance.yahoo.com/m/9749251a-0835-3637-8813-436cce0409d8/first-quarter-pc-sales-grew.html?.tsrc=rss
2021-04-13 16:07:37,Apple to Hold First Product Unveiling of the Year on April 20,https://finance.yahoo.com/news/apple-hold-first-product-unveiling-160737262.html?.tsrc=rss
2021-04-13 16:23:00,"Apple to hold April 20 event, with new iPad Pro devices possible",https://finance.yahoo.com/m/b2cc106e-f04e-304f-9fb3-0f4734ebe658/apple-to-hold-april-20-event%2C.html?.tsrc=rss
2021-04-13 17:18:38,UPDATE 1-Apple to hold special event on April 20,https://finance.yahoo.com/news/1-apple-hold-special-event-171838442.html?.tsrc=rss
2021-04-13 17:35:44,Apple to hold special event on April 20,https://finance.yahoo.com/news/apple-hold-special-event-april-173544762.html?.tsrc=rss
2021-04-13 17:52:22,Apple To Hold Virtual 'Spring Loaded' Event On April 20,https://finance.yahoo.com/news/apple-hold-virtual-spring-loaded-175222409.html?.tsrc=rss
2021-04-14 12:08:01,"Dow Jones Futures: Tesla, Nvidia In Buy Zones; Bitcoin Soars As Coinbase IPO Looms; JPMorgan Earnings Top",https://finance.yahoo.com/m/2ac00c27-03bb-3b85-9dda-3406dde0c413/dow-jones-futures%3A-tesla%2C.html?.tsrc=rss
2021-04-14 12:23:12,Is Apple (AAPL) Set to Launch New iPad Pro at Apr 20 Event?,https://finance.yahoo.com/news/apple-aapl-set-launch-ipad-122312335.html?.tsrc=rss
2021-04-14 14:48:50,TSM Confirms Power Restoration At Tainan Science Park Following Outage: Reuters,https://finance.yahoo.com/news/tsm-confirms-power-restoration-tainan-144850417.html?.tsrc=rss
2021-04-14 15:24:00,"Apple Should Crush Street Estimates for the March Quarter, Analyst Says",https://finance.yahoo.com/m/1efddd03-43e5-39e2-b86e-792af930f9e4/apple-should-crush-street.html?.tsrc=rss
2021-04-14 16:58:00,Apple Could Crush Earnings Estimates. One Analyst Explains How.,https://finance.yahoo.com/m/1efddd03-43e5-39e2-b86e-792af930f9e4/apple-could-crush-earnings.html?.tsrc=rss
2021-04-14 18:13:19,Apple Stock Pauses Ahead Of Spring Product Launch Event,https://finance.yahoo.com/m/25130906-1fcf-3ef3-999d-8d60af3e9971/apple-stock-pauses-ahead-of.html?.tsrc=rss
2021-04-15 06:43:29,"TSMC Lifts Spending, Sales Targets as Chip Crunch Persists",https://finance.yahoo.com/news/tsmc-profit-beats-chip-shortage-053347493.html?.tsrc=rss
2021-04-15 13:00:00,Apple and Partners Launch First-Ever $200 Million Restore Fund to Accelerate Natural Solutions to Climate Change,https://finance.yahoo.com/news/apple-partners-launch-first-ever-130000194.html?.tsrc=rss
2021-04-15 14:08:38,Apple's iPhone 12 Shows Its 5G Dominance,https://finance.yahoo.com/m/a0d4c281-f780-3be4-bb05-5499984a990d/apple%27s-iphone-12-shows-its.html?.tsrc=rss
2021-04-15 14:10:19,Top stocks to watch as earnings season kicks off,https://finance.yahoo.com/video/top-stocks-watch-earnings-season-141019221.html?.tsrc=rss
2021-04-15 14:44:16,"Dow Jones Rallies As Apple Snaps Back; Nvidia Regains Buy Point, While Coinbase IPO Jumps",https://finance.yahoo.com/m/704c970b-3fb9-3a25-89d1-7b88222eae58/dow-jones-rallies-as-apple.html?.tsrc=rss
2021-04-15 16:18:18,"Microsoft launches Edge Kids Mode, the first kid-friendly version of a major web browser",https://finance.yahoo.com/news/microsoft-edge-kids-mode-161818072.html?.tsrc=rss
2021-04-15 18:16:28,"Geely Launches Premium EV Brand Zeekr, Intensifying War With Tesla, Nio: Report",https://finance.yahoo.com/news/geely-launches-premium-ev-brand-181628084.html?.tsrc=rss
2021-04-15 18:24:24,"Apple May Dump iPhone Mini, Massively Upgrade Camera With 2022 Lineup: Report",https://finance.yahoo.com/news/apple-may-dump-iphone-mini-182424707.html?.tsrc=rss
2021-04-16 08:59:30,iPhone game for children found to have a hidden casino,https://uk.finance.yahoo.com/news/iphone-game-children-found-hidden-085930869.html?.tsrc=rss
2021-04-16 13:39:26,Netflix Earnings: Analysts Eyeing The Subscriber Base Growth And Possible 'Pull-Forward',https://finance.yahoo.com/news/netflix-earnings-analysts-eyeing-subscriber-133926160.html?.tsrc=rss
2021-04-16 15:33:00,Apple launches $200 million forestry fund it says will bring financial return for investors,https://finance.yahoo.com/m/3c2dd444-9b6b-3227-a35f-3d42bce25bb3/apple-launches-%24200-million.html?.tsrc=rss
2021-04-16 18:39:00,Apple found fans beyond the iPhone as pandemic gave life to Mac and iPad,https://finance.yahoo.com/m/0c3bec47-79cf-309e-956b-c2fac66b51c4/apple-found-fans-beyond-the.html?.tsrc=rss
2021-04-16 19:27:25,Apple's event on April 20: What to expect,https://finance.yahoo.com/news/apple-april-20-event-192725133.html?.tsrc=rss
2021-04-16 22:43:10,Apple and Microsoft: Buy Biggest Tech Stocks Ahead of Earnings?,https://finance.yahoo.com/news/apple-microsoft-buy-biggest-tech-224310048.html?.tsrc=rss
2021-04-18 11:00:00,3 5G Stocks to Buy Before They Take Off Again,https://finance.yahoo.com/m/a181fa87-3198-3feb-96b2-b9dd56b6e3e6/3-5g-stocks-to-buy-before.html?.tsrc=rss
2021-04-19 14:25:59,"Strong Earnings from Coca-Cola Start Week, with IBM on Way Ahead of Netflix Tomorrow",https://finance.yahoo.com/news/strong-earnings-coca-cola-start-142559956.html?.tsrc=rss
2021-04-19 16:02:00,"Microsoft Unveils Xbox Cloud Gaming for Windows 10 PCs, iOS",https://finance.yahoo.com/m/fa56f037-195e-3229-a559-0de0563adb91/microsoft-unveils-xbox-cloud.html?.tsrc=rss
2021-04-19 16:42:50,What to expect from Apple’s “Spring Loaded” event,https://finance.yahoo.com/video/expect-apple-spring-loaded-event-164250415.html?.tsrc=rss
2021-04-19 17:00:09,"Fitbit launches new fashion forward Fitbit Luxe tracker, its first under Google",https://finance.yahoo.com/news/fitbit-launches-luxe-tracker-first-under-google-170009718.html?.tsrc=rss
2021-04-19 17:36:00,Apple Is Likely to Launch New iPads Tomorrow. Here’s What Analysts Expect.,https://finance.yahoo.com/m/21a39c52-7190-334e-8c4d-95c5b8c06f14/apple-is-likely-to-launch-new.html?.tsrc=rss
2021-04-19 20:32:26,"Senate to Call Spotify, Match at Apple, Google Antitrust Hearing",https://finance.yahoo.com/news/senate-call-spotify-match-apple-203226825.html?.tsrc=rss
2021-04-20 05:52:00,Dow Futures Fall as COVID Surge Clouds US Earnings; Apple Launch in Focus,https://finance.yahoo.com/m/aa536f8b-30eb-3e62-80b2-4bdc56d3672a/dow-futures-fall-as-covid.html?.tsrc=rss
2021-04-20 06:07:06,"Apple prepares to unveil new iPad Pro, iMac and AirTags - live updates",https://uk.finance.yahoo.com/news/apple-prepares-unveil-ipad-pro-060706499.html?.tsrc=rss
2021-04-20 06:20:00,Apple's 'Spring Loaded' Event - Here's What to Expect,https://finance.yahoo.com/m/08d96e2a-af86-3391-a36b-2de9906b1bb5/apple%27s-%27spring-loaded%27-event.html?.tsrc=rss
2021-04-20 08:24:33,"UPDATE 1-Taiwan March export orders up again, outlook strong",https://finance.yahoo.com/news/1-taiwan-march-export-orders-082433438.html?.tsrc=rss
2021-04-20 11:26:47,"Apple podcast service, tags for lost items expected at iPad launch event",https://finance.yahoo.com/news/apple-podcast-tags-lost-items-112647404.html?.tsrc=rss
2021-04-20 11:47:00,It’s Time for Apple’s ‘Virtual Event.’  Here’s What to Expect.,https://finance.yahoo.com/m/21a39c52-7190-334e-8c4d-95c5b8c06f14/it%E2%80%99s-time-for-apple%E2%80%99s.html?.tsrc=rss
2021-04-20 13:23:04,What Is Expected From Apple's Spring Event Today?,https://finance.yahoo.com/news/expected-apples-spring-event-today-132304156.html?.tsrc=rss
2021-04-20 14:17:29,Strong Results From IBM And Johnson &amp; Johnson Not Enough As Covid Worries Rise,https://finance.yahoo.com/news/strong-results-ibm-johnson-johnson-141729281.html?.tsrc=rss
2021-04-20 14:30:01,"Google, Apple To Testify At Senate's Antitrust Hearing With Spotify, Tile, Match As Witnesses",https://finance.yahoo.com/news/google-apple-testify-senates-antitrust-143001629.html?.tsrc=rss
2021-04-20 14:40:45,New law could reveal when your iPhones or Android will stop working,https://uk.finance.yahoo.com/news/law-could-reveal-iphones-android-144045714.html?.tsrc=rss
2021-04-20 14:51:59,Dow Jones Falls As Apple Reverses Ahead Of 'Spring Loaded' Event; Tesla Jumps On Price Target Boost,https://finance.yahoo.com/m/1fa148fc-8b50-31fb-8e9e-3d61987402c7/dow-jones-falls-as-apple.html?.tsrc=rss
2021-04-20 15:52:59,Dow Jones Sells Off As Apple Slides Ahead Of 'Spring Loaded' Event; Tesla Jumps On Price Target Boost,https://finance.yahoo.com/m/1fa148fc-8b50-31fb-8e9e-3d61987402c7/dow-jones-sells-off-as-apple.html?.tsrc=rss
2021-04-20 16:08:57,"Dow Jones Dives 300 Points Despite IBM, J&amp;J Gains As Stock Market Gets Slammed",https://finance.yahoo.com/m/30691253-1df1-3a85-acac-4c32ad1ba8f6/dow-jones-dives-300-points.html?.tsrc=rss
2021-04-20 16:10:04,Can Apple (AAPL) Keep the Earnings Surprise Streak Alive?,https://finance.yahoo.com/news/apple-aapl-keep-earnings-surprise-161004052.html?.tsrc=rss
2021-04-20 16:20:00,How to watch the Apple event ‘Spring Loaded’,https://finance.yahoo.com/m/aa649573-be0f-3df7-98b3-5bc396cccfff/how-to-watch-the-apple-event.html?.tsrc=rss
2021-04-20 16:25:52,"UPDATE 6-Apple announces AirTags for lost items, slim iMacs in new colors",https://finance.yahoo.com/news/1-apple-podcast-tags-lost-162552596.html?.tsrc=rss
2021-04-20 17:06:00,Apple Introduces iPhone 12 and iPhone 12 mini in a Stunning New Purple,https://finance.yahoo.com/news/apple-introduces-iphone-12-iphone-170600520.html?.tsrc=rss
2021-04-20 17:11:00,Apple Introduces AirTag,https://finance.yahoo.com/news/apple-introduces-airtag-171100962.html?.tsrc=rss
2021-04-20 17:17:44,Apple Announces Paid Podcast Subscriptions to Rival Spotify,https://finance.yahoo.com/news/apple-announces-paid-podcast-subscriptions-171744714.html?.tsrc=rss
2021-04-20 17:18:09,Apple debuts AirTag for easily tracking your lost items like keys,https://finance.yahoo.com/news/apple-debuts-air-tags-171809326.html?.tsrc=rss
2021-04-20 17:20:00,"Apple Unveils the Next Generation of Apple TV 4K, Making the Best Device for Watching Shows and Movies Even Better",https://finance.yahoo.com/news/apple-unveils-next-generation-apple-172000151.html?.tsrc=rss
2021-04-20 17:21:08,Apple Launches $29 AirTag Gadget for Tracking Physical Items,https://finance.yahoo.com/news/apple-launches-29-airtag-gadget-172108629.html?.tsrc=rss
2021-04-20 17:34:55,"Dow Jones Slumps 250 Points, But IBM Flashes Buy Signal; Leading Growth Stocks, Small Caps Crushed Again",https://finance.yahoo.com/m/4c509aa9-b6d2-31fc-8877-d6df2828073d/dow-jones-slumps-250-points%2C.html?.tsrc=rss
2021-04-20 17:36:00,"All-New iMac Features Stunning Design in a Spectrum of Vibrant Colors, the Breakthrough M1 Chip, and a Brilliant 4.5K Retina Display",https://finance.yahoo.com/news/imac-features-stunning-design-spectrum-173600019.html?.tsrc=rss
2021-04-20 17:45:17,Apple debuts incredibly thin iMac with M1 chip,https://finance.yahoo.com/news/apple-imac-m1-chip-174517696.html?.tsrc=rss
2021-04-20 17:58:00,"Apple Introduces New iPad Pro Featuring Breakthrough M1 Chip, Ultra-Fast 5G, and Stunning 12.9-inch Liquid Retina XDR Display",https://finance.yahoo.com/news/apple-introduces-ipad-pro-featuring-175800258.html?.tsrc=rss
2021-04-20 18:03:02,"Apple debuts iPad Pro with high-powered M1 chip, high-end display",https://finance.yahoo.com/news/apple-ipad-pro-m1-chip-mini-led-display-180302772.html?.tsrc=rss
2021-04-20 18:12:00,"Apple Just Announced a New iPad, iMac, and AppleTV. Its Stock Is Still Down.",https://finance.yahoo.com/m/bb6beeaa-97aa-3277-835c-44ff997b42a8/apple-just-announced-a-new.html?.tsrc=rss
2021-04-20 18:30:24,"Apple Debuts AirTags Item Trackers, New iMacs, iPads At Spring Product Launch",https://finance.yahoo.com/m/c59a6f28-ebda-3bed-ba2f-01afb2ca60a1/apple-debuts-airtags-item.html?.tsrc=rss
2021-04-20 18:44:00,"Apple puts its custom chips into colorful new iMacs, upgraded iPad Pro",https://finance.yahoo.com/m/9850ac77-6eac-3370-97d9-030b489c87ee/apple-puts-its-custom-chips.html?.tsrc=rss
2021-04-20 18:55:31,"Apple Launches Redesigned iMac Desktop With Colors, Custom Chip",https://finance.yahoo.com/news/apple-launches-redesigned-imac-desktop-174948937.html?.tsrc=rss
2021-04-20 18:56:24,Apple's new AirTags could factor into U.S. Senate antitrust hearing,https://finance.yahoo.com/news/apples-airtags-could-factor-u-185624362.html?.tsrc=rss
2021-04-20 19:05:27,Apple’s M1 chip is ‘where everything is going for the company’: Analyst,https://finance.yahoo.com/video/apple-m1-chip-where-everything-190527197.html?.tsrc=rss
2021-04-20 19:05:55,"Dow Jones Slumps 300 Points, But IBM Flashes Buy Signal; Apple Debuts New iMacs, iPad Pro Tablets",https://finance.yahoo.com/m/4c509aa9-b6d2-31fc-8877-d6df2828073d/dow-jones-slumps-300-points%2C.html?.tsrc=rss
2021-04-20 19:28:02,Apple launches paid-for podcast subscription service,https://uk.finance.yahoo.com/news/apple-launches-paid-podcast-subscription-192802126.html?.tsrc=rss
2021-04-20 20:26:42,"Apple Launching New iMac That Starts at $1,299",https://finance.yahoo.com/video/apple-launching-imac-starts-1-202642635.html?.tsrc=rss
2021-04-20 21:11:42,Apple unveils £29 AirTag tracking devices to find lost keys,https://uk.finance.yahoo.com/news/apple-unveils-29-airtag-tracking-211142262.html?.tsrc=rss
2021-04-20 22:25:45,An Apple Event for These Pandemic Times,https://finance.yahoo.com/news/apple-event-pandemic-times-222545531.html?.tsrc=rss
2021-04-21 05:14:00,"Netflix, Chipotle, Apple, Manchester United - 5 Things You Must Know",https://finance.yahoo.com/m/bb315fea-117b-3a9c-a4dc-6a303840896c/netflix%2C-chipotle%2C-apple%2C.html?.tsrc=rss
2021-04-21 10:28:30,Apple Introduces New Products At Virtual Event,https://finance.yahoo.com/news/apple-introduces-products-virtual-event-102830300.html?.tsrc=rss
2021-04-21 11:59:53,"Dow Jones Futures: Netflix Dives On Subscriber Miss, Chip Giant ASML Rallies After Market Retreat Slams Leaders",https://finance.yahoo.com/m/38014b79-bc36-3ad0-9099-c8ffc45313f7/dow-jones-futures%3A-netflix.html?.tsrc=rss
2021-04-21 13:55:01,"Apple (AAPL) Unveils New iPad, iMac, AirTags, TV 4K &amp; More",https://finance.yahoo.com/news/apple-aapl-unveils-ipad-imac-135501302.html?.tsrc=rss
2021-04-21 14:31:35,"Dow Rallies As Apple, Tesla Slide; Netflix Plunges On Earnings",https://finance.yahoo.com/m/6ea60deb-1d2b-3d20-b7a5-0ec280adfc26/dow-rallies-as-apple%2C-tesla.html?.tsrc=rss
2021-04-21 14:32:37,US Indexes Close Lower Again Tuesday,https://finance.yahoo.com/news/us-indexes-close-lower-again-143237560.html?.tsrc=rss
2021-04-21 14:55:46,Top antitrust U.S. senator says Apple's AirTags news is 'timely',https://finance.yahoo.com/news/top-antitrust-u-senator-says-145546023.html?.tsrc=rss
2021-04-21 15:06:23,Top antitrust U.S. senator to examine Apple's AirTag announcement,https://finance.yahoo.com/news/top-antitrust-u-senator-says-150623538.html?.tsrc=rss
2021-04-21 15:43:04,It’s going to be challenging for other vendors to compete with Apple’s M1 chip: TECHnalysis Research,https://finance.yahoo.com/video/going-challenging-other-vendors-compete-154304439.html?.tsrc=rss
2021-04-21 15:46:35,"Dow Rallies 200 Points As Netflix Plunges On Earnings; Apple, Tesla Reverse Higher",https://finance.yahoo.com/m/6ea60deb-1d2b-3d20-b7a5-0ec280adfc26/dow-rallies-200-points-as.html?.tsrc=rss
2021-04-21 16:25:10,No cameras allowed during Epic Games antitrust trial against Apple,https://finance.yahoo.com/news/no-cameras-allowed-during-epic-162510023.html?.tsrc=rss
2021-04-21 16:34:04,Apple (AAPL) Reports Next Week: Wall Street Expects Earnings Growth,https://finance.yahoo.com/news/apple-aapl-reports-next-week-163404358.html?.tsrc=rss
2021-04-21 17:32:43,UPDATE 1-Top antitrust U.S. senator to examine Apple's AirTag announcement,https://finance.yahoo.com/news/1-top-antitrust-u-senator-173243027.html?.tsrc=rss
2021-04-21 18:03:36,"UPDATE 1-Epic CEO, Apple App Store chief to attend antitrust trial starting May 3",https://finance.yahoo.com/news/1-epic-ceo-apple-app-180336797.html?.tsrc=rss
2021-04-21 21:23:43,"Dow Jones Futures: Stock Market Rally Rebounds, Bitcoin Plays Tesla, Square Find Key Support; Chipotle, Lam Research Earnings Top Views",https://finance.yahoo.com/m/d433e039-e37a-3a47-9ed1-150c97a47e2b/dow-jones-futures%3A-stock.html?.tsrc=rss
2021-04-21 21:50:17,"Intel Wins Trial Over Chips, Dodging $1 Billion-Plus Blow",https://finance.yahoo.com/news/intel-wins-trial-over-chips-215017775.html
2021-04-21 22:14:30,"Apple and Google failing to keep underage users away from dating apps, says Tinder",https://uk.finance.yahoo.com/news/apple-google-failing-keep-underage-221430306.html?.tsrc=rss
2021-04-22 01:17:31,What’s on the Menu for Apple’s Spring Product Launch,https://finance.yahoo.com/news/menu-apple-spring-product-launch-011731477.html?.tsrc=rss
2021-04-22 02:24:43,"Dow Jones Futures, Bitcoin Fall After Stock Market Rally Rebounds, Tesla, Square Find Support; Chipotle, Lam Research Top Views",https://finance.yahoo.com/m/d433e039-e37a-3a47-9ed1-150c97a47e2b/dow-jones-futures%2C-bitcoin.html?.tsrc=rss
2021-04-22 07:27:00,Apple Reportedly Prepping Major iPhone and iPad Software Revamp,https://finance.yahoo.com/m/c868a027-042b-3059-9305-fae4348f8280/apple-reportedly-prepping.html?.tsrc=rss
2021-04-22 12:23:19,Jefferies Says Current Revenue Growth Estimates for Facebook Too Conservative,https://finance.yahoo.com/news/jefferies-says-current-revenue-growth-122319712.html?.tsrc=rss
2021-04-22 13:45:19,"Apple, Google Face Antitrust Charges At Senate Hearing: WSJ",https://finance.yahoo.com/news/apple-google-face-antitrust-charges-134519980.html?.tsrc=rss
2021-04-22 14:00:06,Chinese Billionaire Chen Tianqiao’s Top 10 Stock Picks,https://finance.yahoo.com/news/chinese-billionaire-chen-tianqiao-top-140006164.html?.tsrc=rss
2021-04-22 15:20:42,Why This 5G Stock Can Burst Higher This Earnings Season,https://finance.yahoo.com/m/c5d25a66-3085-396a-94e0-48ed72089ae9/why-this-5g-stock-can-burst.html?.tsrc=rss
2021-04-22 22:15:53,"Dow Jones Futures: Biden Capital Gains Tax Hike Plan Hits Market Rally; Bitcoin, Intel, Snap, Apple Supplier Move Late",https://finance.yahoo.com/m/d1912fa5-698e-3eea-b35a-9f677f7db6e1/dow-jones-futures%3A-biden.html?.tsrc=rss
2021-04-23 02:37:53,"Dow Jones Futures: Bitcoin Plunges Below $50,000, Intel, Snap Key Movers After Biden Capital Gains Tax Hike Plan Hits Market Rally",https://finance.yahoo.com/m/d1912fa5-698e-3eea-b35a-9f677f7db6e1/dow-jones-futures%3A-bitcoin.html?.tsrc=rss
2021-04-23 02:38:32,Xiaomi Is Said to Mull Investing in AI Chipmaker Black Sesame,https://finance.yahoo.com/news/xiaomi-said-mull-investing-ai-023832641.html?.tsrc=rss
2021-04-23 04:24:27,Xiaomi Said to Mull Investing in AI Chipmaker Black Sesame,https://finance.yahoo.com/news/xiaomi-said-mull-investing-ai-023832641.html
2021-04-23 08:37:23,Baidu and Geely Plan $7.7 Billion Smart Car Push,https://finance.yahoo.com/news/baidu-geely-plan-7-7-083723725.html?.tsrc=rss
2021-04-23 09:03:00,"FAANG Bites: Don't Bet Against Facebook, Apple and Netflix",https://finance.yahoo.com/m/32bd3c29-f365-3567-8244-2cb31de872e3/faang-bites%3A-don%27t-bet.html?.tsrc=rss
2021-04-23 10:18:08,Rebound in US and China boosts sales at Mercedes Benz-owner Daimler,https://uk.finance.yahoo.com/news/mercedes-benz-daimler-us-china-rebound-luxury-cars-101808433.html?.tsrc=rss
2021-04-23 10:51:36,Baidu-Geely Joint Venture Aims $7.7B Investment In Smart Car,https://finance.yahoo.com/news/baidu-geely-joint-venture-aims-105136004.html?.tsrc=rss
2021-04-23 11:12:04,"Stock Market Rally Retreats, Bitcoin Dives Amid Biden Capital Gains Tax Plan; Netflix, Snap, United Airlines In Focus",https://finance.yahoo.com/m/2030a153-cec9-30cd-9d16-3dc1bf6b1bf0/stock-market-rally-retreats%2C.html?.tsrc=rss
2021-04-23 12:19:12,Apple (AAPL) to Report Q2 Earnings: What's in the Offing?,https://finance.yahoo.com/news/apple-aapl-report-q2-earnings-121912765.html?.tsrc=rss
2021-04-23 12:47:12,Facebook (FB) to Report Q1 Earnings: What's in the Cards?,https://finance.yahoo.com/news/facebook-fb-report-q1-earnings-124712251.html?.tsrc=rss
2021-04-23 13:48:00,Snap investors can still ‘dream the dream’ as earnings show big growth avenues still ahead,https://finance.yahoo.com/m/ecb3070e-edd7-322e-8ac1-41b567165a26/snap-investors-can-still.html?.tsrc=rss
2021-04-23 14:10:56,Could Apple Take A Bite Out Of FB Ad Revenues? Facebook Prepares To Open The Books On Q1,https://finance.yahoo.com/news/could-apple-bite-fb-ad-141056816.html?.tsrc=rss
2021-04-23 14:19:20,"Intel, American Express, Honeywell All Under Pressure After Earnings, But Snap Rebounds",https://finance.yahoo.com/news/intel-american-express-honeywell-under-141920219.html?.tsrc=rss
2021-04-23 14:50:26,"Spotify Is Launching Podcast Subscriptions, and Unlike Apple Won’t Take a Cut From Creators",https://finance.yahoo.com/news/spotify-launching-podcast-subscriptions-unlike-145026892.html?.tsrc=rss
2021-04-23 15:50:20,"Google, Amazon Hike Lobbying Efforts Amid Growing Antitrust Probe: Bloomberg",https://finance.yahoo.com/news/google-amazon-hike-lobbying-efforts-155020668.html?.tsrc=rss
2021-04-23 16:25:15,Tech Support: iOS 14.5 updates explained,https://finance.yahoo.com/video/tech-support-ios-14-5-162515249.html?.tsrc=rss
2021-04-23 16:26:30,"Dow Climbs Ahead of Busiest Earnings Week as Financials, Tech Rally",https://finance.yahoo.com/news/dow-climbs-ahead-busiest-earnings-162630121.html?.tsrc=rss
2021-04-23 16:56:13,"Dow Jones Jumps 250 Points As Stock Market Rallies; Apple, Goldman Lead Blue Chips",https://finance.yahoo.com/m/47f74778-2cf2-30d8-a54f-f37d08c44817/dow-jones-jumps-250-points-as.html?.tsrc=rss
2021-04-23 17:41:35,Biden administration's $50 billion to help end chip shortage 'is a great first step': Intel CEO,https://finance.yahoo.com/news/biden-administrations-50-billion-to-help-end-chip-shortage-is-a-great-first-step-intel-ceo-174135668.html
2021-04-23 17:50:33,Apple to Launch Program for Employees to Get Covid-19 Shots,https://finance.yahoo.com/news/apple-launch-program-employees-covid-175033061.html?.tsrc=rss
2021-04-23 18:16:04,"Apple Stock Buybacks, Dividend Hike Could Be Sugar On Top For March Quarter",https://finance.yahoo.com/m/d89074f5-94c9-335b-accc-ea3a7c1b119a/apple-stock-buybacks%2C.html?.tsrc=rss
2021-04-23 19:28:00,Facebook’s digital ad revenue just keeps rolling in despite antitrust threat,https://finance.yahoo.com/m/e471bf51-0ef7-3595-af67-59cc26a777c2/facebook%E2%80%99s-digital-ad-revenue.html?.tsrc=rss
2021-04-23 19:29:55,Apple IOS 14.5 is bringing big changes to your iPhone — here's what to expect,https://finance.yahoo.com/news/ios-14-5-on-iphone-what-you-need-to-know-192955694.html?.tsrc=rss
2021-04-23 20:23:00,Snap can still ‘dream the dream’ as earnings show big Snapchat growth still possible,https://finance.yahoo.com/m/ecb3070e-edd7-322e-8ac1-41b567165a26/snap-can-still-%E2%80%98dream-the.html?.tsrc=rss
2021-04-23 20:32:08,Previewing Big Tech Earnings,https://finance.yahoo.com/news/previewing-big-tech-earnings-203208831.html?.tsrc=rss
2021-04-23 22:44:27,"Dow Jones Futures: Stock Market Rally Has 9 Trillion Reasons To Watch Tesla, Apple, These Key Earnings Reports",https://finance.yahoo.com/m/37538626-9214-372e-8600-b52ed330ecbc/dow-jones-futures%3A-stock.html?.tsrc=rss
2021-04-24 14:50:27,"Dow Jones Futures: Apple, Tesla Lead 6 Huge Earnings That Will Drive Stock Market Rally; Three Are Near Buy Points",https://finance.yahoo.com/m/37538626-9214-372e-8600-b52ed330ecbc/dow-jones-futures%3A-apple%2C.html?.tsrc=rss
2021-04-25 00:00:00,"US tech and UK banks head earnings bonanza, Fed rate meeting",https://finance.yahoo.com/m/1fb3f9bd-0f98-3b71-ac58-326211cfa0ee/us-tech-and-uk-banks-head.html?.tsrc=rss
2021-04-25 07:35:57,"Earnings to Watch Next Week: Tesla, Alphabet, Microsoft, Facebook, Apple and Amazon.com in Focus",https://finance.yahoo.com/news/earnings-watch-next-week-tesla-073557910.html
2021-04-25 10:30:00,"Top Earnings to Watch: Tesla, Microsoft, Apple, and Facebook",https://finance.yahoo.com/m/8c3edd25-780d-37af-94da-dd4aeaa36a1f/top-earnings-to-watch%3A-tesla%2C.html?.tsrc=rss
2021-04-25 14:00:00,Apple Takes Aim at Spotify's Podcast Ambitions,https://finance.yahoo.com/m/fa7352ae-6f46-3506-8775-32a5e97c64ee/apple-takes-aim-at-spotify%27s.html?.tsrc=rss
2021-04-25 16:35:00,Earnings: 3 Hot Growth Stocks to Watch This Week,https://finance.yahoo.com/m/13315709-08a8-3688-8c08-7b3898c9f853/earnings%3A-3-hot-growth-stocks.html?.tsrc=rss
2021-04-25 21:26:27,"Dow Jones Futures Loom: 9 Trillion Reasons To Watch Apple, Tesla, These Huge Earnings In Pivotal Stock Market Week",https://finance.yahoo.com/m/37538626-9214-372e-8600-b52ed330ecbc/dow-jones-futures-loom%3A-9.html?.tsrc=rss
2021-04-25 22:40:27,"Dow Jones Futures: Bitcoin Falls Again; Apple, Tesla Lead Huge Earnings In Pivotal Stock Market Week",https://finance.yahoo.com/m/37538626-9214-372e-8600-b52ed330ecbc/dow-jones-futures%3A-bitcoin.html?.tsrc=rss
2021-04-26 00:00:00,German groups file Apple  antitrust complaint as it makes privacy changes,https://finance.yahoo.com/m/d2307cf9-58cb-372f-8f70-fc66c4cdf4aa/german-groups-file-apple-.html?.tsrc=rss
2021-04-26 07:59:00,Tesla Earnings Kick Off Busy Earnings Week,https://finance.yahoo.com/m/8c3edd25-780d-37af-94da-dd4aeaa36a1f/tesla-earnings-kick-off-busy.html?.tsrc=rss
2021-04-26 12:19:12,"Apple, Amazon, Google, Tesla and Spotify are part of Zacks Earnings Preview",https://finance.yahoo.com/news/apple-amazon-google-tesla-spotify-121912222.html?.tsrc=rss
2021-04-26 12:36:00,"Apple, Microsoft, and Exxon Report Earnings This Week. Why It’s Make-or-Break for the Stock Market.",https://finance.yahoo.com/m/b41fc146-f8c3-35ec-bd84-ba298385e8dd/apple%2C-microsoft%2C-and-exxon.html?.tsrc=rss
2021-04-26 13:07:27,Explainer: What do Apple's new iPhone privacy changes mean for consumers and businesses?,https://ca.finance.yahoo.com/news/explainer-apples-iphone-privacy-changes-130727226.html?.tsrc=rss
2021-04-26 14:16:04,"Mega-Cap Companies On Tap For Earnings This Week Include Tesla, Apple, Alphabet, Microsoft",https://finance.yahoo.com/news/mega-cap-companies-tap-earnings-141604073.html?.tsrc=rss
2021-04-26 14:48:17,Apple iPhone privacy update seen hurting Facebook revenue in second-quarter,https://finance.yahoo.com/news/apple-iphone-privacy-seen-hurting-144817937.html?.tsrc=rss
2021-04-26 15:10:03,Big Tech Q1 Earnings Look Strong: ETFs to Play,https://finance.yahoo.com/news/big-tech-q1-earnings-look-151003533.html?.tsrc=rss
2021-04-26 15:39:22,German business groups file complaint over Apple privacy settings,https://finance.yahoo.com/news/german-business-groups-file-complaint-153922236.html?.tsrc=rss
2021-04-26 16:05:44,"S&amp;P 500, Nasdaq Closes at Record Ahead of Market Moving Earnings",https://finance.yahoo.com/news/p-500-nasdaq-closes-record-160544499.html?.tsrc=rss
2021-04-26 16:12:01,German Group Lodge Antitrust Allegations Over Apple's Privacy Update,https://finance.yahoo.com/news/german-group-lodge-antitrust-allegations-161201423.html?.tsrc=rss
2021-04-26 17:00:00,Apple slapped with antitrust complaint in Germany over new iPhone privacy settings,https://finance.yahoo.com/m/c5f43921-482e-3378-9e93-2aef510e5eeb/apple-slapped-with-antitrust.html?.tsrc=rss
2021-04-26 18:28:49,Tesla earnings will be a ‘blockbuster blowout’: 10MinuteStockTrader Founder,https://finance.yahoo.com/video/tesla-earnings-blockbuster-blowout-10minutestocktrader-182849191.html?.tsrc=rss
2021-04-26 18:47:00,Skyworks Lifts Nasdaq Ahead of Earnings; CRISPR Keeps Moving Forward,https://finance.yahoo.com/m/51b76cac-1a57-32be-974d-75e0c7b96bbb/skyworks-lifts-nasdaq-ahead.html?.tsrc=rss
2021-04-26 19:08:46,"Semiconductor Chip Crisis Extends To Washing Machine, Toasters: FT",https://finance.yahoo.com/news/semiconductor-chip-crisis-extends-washing-190846964.html?.tsrc=rss
2021-04-26 19:47:00,Apple Music to launch a ‘Top 25’ specific to each of these cities — based on the number of plays in each area,https://finance.yahoo.com/m/b6c4e8ce-f62b-38e2-acc1-da2997423561/apple-music-to-launch-a-%E2%80%98top.html?.tsrc=rss
2021-04-26 20:33:08,"Big Tech Breakdown: Buy Microsoft, Apple &amp; Amazon Stock Before Earnings?",https://finance.yahoo.com/news/big-tech-breakdown-buy-microsoft-203308810.html?.tsrc=rss
2021-04-26 21:00:22,"5 at 5: Your Daily Digest for Real Estate Investing, 4/26/21",https://finance.yahoo.com/m/9480b31c-734b-32ea-98e6-68f0c9547eed/5-at-5%3A-your-daily-digest-for.html?.tsrc=rss
2021-04-26 21:26:49,Can Apple's Earnings Impress Again? Tough Act To Follow For iPhone Maker In Fiscal Q2,https://finance.yahoo.com/news/apples-earnings-impress-again-tough-212649093.html
2021-04-26 21:47:09,Tesla (TSLA) Beats on Top &amp; Bottom Lines; Guidance Expected,https://finance.yahoo.com/news/tesla-tsla-beats-top-bottom-214709572.html?.tsrc=rss
2021-04-27 01:37:14,What Apple’s Launch of iOS 14.5 Today Means for Brands,https://finance.yahoo.com/news/apple-launch-ios-14-5-013714035.html?.tsrc=rss
2021-04-27 08:41:18,"The five changes coming to your iPhone with iOS 14.5, from tracking to emojis",https://uk.finance.yahoo.com/news/five-changes-coming-iphone-ios-084118130.html?.tsrc=rss
2021-04-27 10:46:00,"Tech Earnings This Week: Microsoft, Apple, Facebook",https://finance.yahoo.com/m/8c3edd25-780d-37af-94da-dd4aeaa36a1f/tech-earnings-this-week%3A.html?.tsrc=rss
2021-04-27 11:30:00,Apple Could Blow the Top Off Earnings—Again. What That Would Mean for the Stock.,https://finance.yahoo.com/m/347463ab-0fa8-3476-be3b-994e600e7e3c/apple-could-blow-the-top-off.html?.tsrc=rss
2021-04-27 12:00:00,Spotify launches podcast subscription platform to challenge Apple,https://finance.yahoo.com/news/spotify-launches-podcast-subscription-platform-120000037.html?.tsrc=rss
2021-04-27 12:00:08,"Spotify Launches Podcast Subscriptions to Challenge Apple, Promising No Creator Fees for Two Years",https://finance.yahoo.com/news/spotify-launches-podcast-subscriptions-challenge-120008103.html?.tsrc=rss
2021-04-27 12:05:00,"UPS Was a Covid-19 Winner. Its Earnings Show It’s Winning the Reopening, Too.",https://finance.yahoo.com/m/93cb5ca8-8570-3970-9954-42a4681249b1/ups-was-a-covid-19-winner..html?.tsrc=rss
2021-04-27 12:50:12,Why Apple (AAPL) Might Surprise This Earnings Season,https://finance.yahoo.com/news/why-apple-aapl-might-surprise-125012124.html?.tsrc=rss
2021-04-27 13:14:25,Spotify Falls as Paid  Podcasts to Counter Apple Shows Fight Ahead,https://finance.yahoo.com/news/spotify-falls-paid-podcasts-counter-131425095.html?.tsrc=rss
2021-04-27 13:27:54,S&amp;P 500 in Holding Pattern as Tech Stumbles to Offset Gains in Cyclicals,https://finance.yahoo.com/news/p-500-holding-pattern-tech-132754396.html?.tsrc=rss
2021-04-27 13:41:06,Apple Earnings Preview: Here’s What To Expect,https://finance.yahoo.com/news/apple-earnings-preview-expect-134106373.html
2021-04-27 13:57:01,Can Continued Services Momentum Aid Apple's (AAPL) Q2 Earnings?,https://finance.yahoo.com/news/continued-services-momentum-aid-apples-135701858.html?.tsrc=rss
2021-04-27 14:01:02,Will International User Growth Aid Facebook's (FB) Q1 Earnings?,https://finance.yahoo.com/news/international-user-growth-aid-facebooks-140102352.html?.tsrc=rss
2021-04-27 14:37:04,Billionaire Bruce Kovner’s Trading Strategy and Top 10 Picks,https://finance.yahoo.com/news/billionaire-bruce-kovner-trading-strategy-143704725.html?.tsrc=rss
2021-04-27 14:57:55,Analyst Estimate Record Google Revenue From Pandemic-Driven Online Spend: WSJ,https://finance.yahoo.com/news/analyst-estimate-record-google-revenue-145755684.html?.tsrc=rss
2021-04-27 15:12:00,"Apple to face landmark antitrust charges over Spotify complaint this week, according to reports",https://finance.yahoo.com/m/80709639-9366-3dc7-aa84-e7261dca4ca1/apple-to-face-landmark.html?.tsrc=rss
2021-04-27 15:22:00,"European Antitrust Charges Against Apple Coming This Week, According to Reports",https://finance.yahoo.com/m/841dcb33-cd77-3099-953c-b36283e603e1/european-antitrust-charges.html?.tsrc=rss
2021-04-27 16:05:28,S&amp;P 500 Closes Flat as Tech Slips Ahead of Earnings Deluge,https://finance.yahoo.com/news/p-500-closes-flat-tech-160528606.html?.tsrc=rss
2021-04-27 18:18:13,EU to hit Apple with antitrust charge this week - source,https://finance.yahoo.com/news/eu-hit-apple-antitrust-charge-181813226.html?.tsrc=rss
2021-04-27 18:52:44,Warren Buffett’s investing success depends on these two traits: Portfolio manager [Video],https://finance.yahoo.com/video/warren-buffett-investing-success-depends-185244517.html?.tsrc=rss
2021-04-27 19:05:00,Facebook Reports Earnings Wednesday. Here Is What to Expect.,https://finance.yahoo.com/m/f1c39b5a-e521-3567-872a-f1c3361aa743/facebook-reports-earnings.html?.tsrc=rss
2021-04-27 19:48:54,Spotify Retaliates With New Podcast Launch Following Apple's Recent Monetizing Move,https://finance.yahoo.com/news/spotify-retaliates-podcast-launch-following-194854267.html?.tsrc=rss
2021-04-27 20:27:48,Warren Buffett’s investing success depends on these two traits: Portfolio manager,https://finance.yahoo.com/news/warren-buffett-investing-success-depends-on-these-two-traits-202748295.html
2021-04-27 20:31:39,Apple Earnings: What to Look For From AAPL,https://finance.yahoo.com/m/3027d1b2-af59-36aa-8224-5dbe9ca7d15a/apple-earnings%3A-what-to-look.html?.tsrc=rss
2021-04-27 20:38:56,Daniel Flax previews Apple earnings,https://finance.yahoo.com/video/daniel-flax-previews-apple-earnings-203856236.html?.tsrc=rss
2021-04-27 21:00:00,Apple earnings preview: Are services sales at risk from greater regulation?,https://finance.yahoo.com/news/apple-earnings-preview-services-sales-210000060.html?.tsrc=rss
2021-04-27 21:14:48,Neuberger Berman's Daniel Flax on Alphabet's Q1 earnings report,https://finance.yahoo.com/video/neuberger-bermans-daniel-flax-alphabets-211448283.html?.tsrc=rss
2021-04-28 00:00:00,Apple to post $76bn quarterly revenue with across-board growth,https://finance.yahoo.com/m/df58a295-a068-3618-9fc4-cc5648d6e916/apple-to-post-%2476bn-quarterly.html?.tsrc=rss
2021-04-28 00:00:00,"Apple to slash AirPods production, succumbing to Asian competition",https://finance.yahoo.com/m/759c22a3-c6ca-3da9-b6fe-a42ea8bbe54c/apple-to-slash-airpods.html?.tsrc=rss
2021-04-28 01:56:28,Inside Intel: A Look at the Mega Chip Maker,https://finance.yahoo.com/m/b5686193-a7d7-355b-b78c-e2451ac66caa/inside-intel%3A-a-look-at-the.html?.tsrc=rss
2021-04-28 05:52:00,"Dow Futures Slip Ahead of Fed Decision; Apple, Boeing Earnings in Focus",https://finance.yahoo.com/m/05d70236-ba79-344a-b569-de43ed139ad4/dow-futures-slip-ahead-of-fed.html?.tsrc=rss
2021-04-28 07:54:00,"Dow Futures Lower On Boeing Loss; Fed Decision, Apple Earnings In Focus",https://finance.yahoo.com/m/05d70236-ba79-344a-b569-de43ed139ad4/dow-futures-lower-on-boeing.html?.tsrc=rss
2021-04-28 08:18:00,"Apple Earnings Preview: iPhone Sales Get China Boost, Buybacks In Focus",https://finance.yahoo.com/m/8cd0abc6-017f-32ed-b167-f1c1c78fa7da/apple-earnings-preview%3A.html?.tsrc=rss
2021-04-28 09:35:00,"Stocks Mixed as Wall Street Awaits the Fed, Biden and Apple Earnings",https://finance.yahoo.com/m/48d657a3-9793-3bc5-95b5-959c008aea70/stocks-mixed-as-wall-street.html?.tsrc=rss
2021-04-28 10:45:00,Apple Retail Creator’s Startup Enjoy to Go Public in SPAC Deal,https://finance.yahoo.com/news/apple-retail-creator-startup-enjoy-104500555.html?.tsrc=rss
2021-04-28 11:00:00,Antitrust Regulators Are Hounding Apple and Google: 2 Stocks That Could Benefit,https://finance.yahoo.com/m/11869dd2-b32c-31ee-91a1-7923abaa1530/antitrust-regulators-are.html?.tsrc=rss
2021-04-28 11:17:00,Apple Earnings Will Blow Past Expectations. What That Means for the Stock.,https://finance.yahoo.com/m/347463ab-0fa8-3476-be3b-994e600e7e3c/apple-earnings-will-blow-past.html?.tsrc=rss
2021-04-28 11:59:00,"Stocks Fall as Wall Street Awaits the Fed, Biden and Apple Earnings",https://finance.yahoo.com/m/48d657a3-9793-3bc5-95b5-959c008aea70/stocks-fall-as-wall-street.html?.tsrc=rss