timestamp,new,source,link
2025-11-02 15:18:19,Bessent Says Some ‘Sectors’ Of Economy Are In Recession. Bessent blamed the Federal Reserve for not cutting interest rates fast enough.,Forbes,https://www.forbes.com/sites/zacharyfolk/2025/11/02/bessent-says-some-sectors-of-economy-are-in-recession/
2025-11-03 13:43:24,Fed's Miran says he can't base policy stance on buoyant financial markets. WASHINGTON () -Federal Reserve Governor Stephen Miran said on Monday it is wrong to put too much emphasis on the strength of equity and corporate credit...,Yahoo Entertainment,https://finance.yahoo.com/news/feds-miran-says-cant-policy-134324887.html
2025-11-03 14:30:36,"Fed president explains vote against interest rate cut. The Federal Reserve cut interest rates by 25-basis-points in October, though two policymakers dissented from the move, with one saying that he remains...",Fox Business,https://www.foxbusiness.com/economy/fed-president-explains-vote-against-interest-rate-cut
2025-11-03 16:33:15,Fed's Goolsbee is on fence about need to cut rates in December. (Reuters) -Federal Reserve Bank of Chicago President Austan Goolsbee said on Monday he's in no hurry to cut interest rates again with inflation still too far...,Yahoo Entertainment,https://finance.yahoo.com/news/feds-goolsbee-fence-cut-rates-163315541.html
2025-11-03 17:48:50,"Fed’s Goolsbee says he's undecided about a December interest rate cut. Chicago Federal Reserve president Austan Goolsbee says he's undecided about whether to cut interest rates again in December, echoing other officials who are ...",Yahoo Entertainment,https://finance.yahoo.com/news/feds-goolsbee-says-hes-undecided-about-a-december-interest-rate-cut-174850870.html
2025-11-04 09:30:00,"Hong Kong property deals rise to 3-month high as buyers take advantage of rate cut. Hong Kong property deals surged to a three-month high in October, a month after the US Federal Reserve and the Hong Kong Monetary Authority (HKMA) loosened...",Yahoo Entertainment,https://finance.yahoo.com/news/hong-kong-property-deals-rise-093000178.html
2025-11-04 11:00:00,This Bull Market Could Be Headed For The Slaughterhouse. Here’s a mindblower: The Federal Reserve should cut interest rates even though inflation threatens.,Forbes,https://www.forbes.com/sites/steveforbes/2025/11/04/this-bull-market-could-be-headed-for-the-slaughterhouse/
2025-11-04 11:36:13,"Goldman and Morgan Stanley CEOs predict corrections of up to 20%, sparking global selloff. Wall Street expects tech stocks to take a hammering this morning.",Yahoo Entertainment,https://finance.yahoo.com/news/goldman-morgan-stanley-ceos-predict-113613635.html
2025-11-04 16:30:00,"Inflation fight divides Fed as prices stay painfully high. From Wall Street traders to Main Street shoppers, Americans are feeling the ripple effects of the Federal Reserve’s latest move to cut interest rates. The...",TheStreet,https://www.thestreet.com/economy/inflation-fight-divides-fed-as-prices-stay-painfully-high
2025-11-04 17:04:00,"A risky mortgage instrument that helped spark the Great Financial Crisis is on the rise again. It’s a gamble on the Fed’s future direction. Before the crash of 2008, a decline in home prices was inconceivable to the market. Is the modern equivalent a Federal rate hike?",Yahoo Entertainment,https://finance.yahoo.com/news/risky-mortgage-instrument-helped-spark-170400776.html
2025-11-04 19:30:52,"Bitcoin Price Briefly Falls Below $100,000, a 20% Decline Since October’s High. The decline mirrors anxiety about the future of tech stocks.",Gizmodo.com,https://gizmodo.com/bitcoin-price-briefly-falls-below-100000-a-20-decline-since-octobers-high-2000681453
2025-11-05 10:07:51,What the Trump tariffs Supreme Court case could mean for the economy. The Supreme Court will hear oral arguments about Trump's tariffs on Wednesday.,ABC News,https://abcnews.go.com/Business/trump-tariffs-supreme-court-case-economy/story?id=127167001
2025-11-05 10:19:36,"Why 'Big Short' investor Michael Burry is posting 'Star Wars' memes and betting big against Nvidia and Palantir. Michael Burry of ""The Big Short"" warned of an AI bubble and shed light on his wagers against Nvidia and Palantir with the help of a ""Star Wars"" meme.",Business Insider,https://www.businessinsider.com/why-michael-burry-big-short-nvidia-palantir-ai-bubble-stocks-2025-11
2025-11-05 11:00:14,"Mortgage and refinance interest rates today, November 5, 2025: Rates are inching down. These are today's mortgage and refinance interest rates. The 30-year fixed rate and the 15-year loan were slightly lower. Lock in your rate today.",Yahoo Entertainment,https://finance.yahoo.com/personal-finance/mortgages/article/mortgage-refinance-interest-rates-today-wednesday-november-5-2025-110014532.html
2025-11-05 14:50:30,"Corporate America is trying to tell us something about the economy, top analyst says: A 3-year recession for ‘much of the private economy’ ended in April. Morgan Stanley’s Mike Wilson was a lonely voice on Wall Street calling a “rolling recession” when others saw a boom. Now he sees a “rolling recovery.”",Yahoo Entertainment,https://finance.yahoo.com/news/corporate-america-trying-tell-us-145030103.html
2025-11-05 18:34:19,"Here's what a $100,000 HELOC costs monthly following the Fed October interest rate cut. The Federal Reserve issued another rate cut in late October. Here's how much a $100,000 HELOC costs monthly now.",CBS News,https://www.cbsnews.com/news/what-100000-heloc-costs-monthly-following-fed-2025-october-interest-rate-cut/
2025-11-06 17:15:00,American Suburbs Have a Financial Secret. Municipal bonds have become an unavoidable part of local governance—and their costs divide rich towns from poor ones.,The Atlantic,https://www.theatlantic.com/books/2025/11/cracked-foundations-municipal-debt-bonds-suburbs/684838/
2025-11-07 13:00:18,"Mass layoff wave hits nearly 1,300 Texans in manufacturing exodus. It's a troubling sign as manufacturing market in Texas dips.",mySA,https://www.mysanantonio.com/business/article/layoffs-texas-21140768.php
2025-11-07 14:00:00,"Economists agree: You’re not crazy for feeling like the rich get richer, and the poor are doing worse. Welcome to the ‘K-shaped economy’. What was a niche argument about five years ago is suddenly everywhere you look, and it’s taking on the shape of a letter with two jagged edges.",Yahoo Entertainment,https://finance.yahoo.com/news/economists-agree-not-crazy-feeling-140000181.html
2025-11-07 14:06:33,"Impact of US government shutdown far worse than expected, White House adviser says. WASHINGTON (Reuters) -The economic impact of the U.S. government shutdown is far worse than expected, but the U.S. economy is likely to rebound quickly once ...",Yahoo Entertainment,https://finance.yahoo.com/news/impact-us-government-shutdown-far-135946347.html
2025-11-07 17:21:00,"Corporate Profits Surge as Companies Cut Nearly 1 Million Jobs. U.S. corporate profits have risen to record levels this year as companies eliminated nearly 1 million jobs. Chen Zhao of Alpine Macro calls the disconnect a ""jobless boom."" Companies typically cut workers when profits decline. Amazon laid off 30,000 employees…",Slashdot.org,https://slashdot.org/story/25/11/07/1725230/corporate-profits-surge-as-companies-cut-nearly-1-million-jobs
2025-11-10 05:34:12,Morning Bid: Markets rejoice potential end to US government shutdown. A look at the day ahead in European and global markets from Rae Wee Global markets are set to begin the week with an oomph as investors cheer the prospect of...,Yahoo Entertainment,https://finance.yahoo.com/news/morning-bid-markets-rejoice-potential-053412871.html
2025-11-10 08:54:04,FTSE 100 LIVE: Markets rebound as investors cheer potential end to US government shutdown. European markets and US stock futures were in the green as a path to end the US government shutdown became clearer.,Yahoo Entertainment,https://uk.finance.yahoo.com/news/ftse-100-live-markets-us-government-shutdown-stocks-085404873.html
2025-11-10 15:45:10,"Fed Governor Predicts Multi-Trillion Dollar Stablecoin Boom Will Force Down US Interest Rates. A senior U.S. Federal Reserve official has warned that the explosive growth of stablecoins, dollar-pegged digital tokens now processing trillions of dollars ...",Cryptonews,https://cryptonews.com/news/fed-governor-stablecoin-boom-interest-rates/
2025-11-10 16:46:44,"Fed's Miran: 50-bp rate cut 'appropriate' for Dec. Federal Reserve Board of Governors member Stephen Miran told CNBC in an interview on Monday that it would be ""appropriate"" for the Fed to lower its interest rates by half a percentage point at the Dec...",Biztoc.com,https://biztoc.com/x/c2e3d80dd0d3787a
2025-11-10 19:12:13,"How much does a $40,000 HELOC cost monthly after the Fed's October interest rate cut?. HELOC interest rates have dropped considerably. Here's how much a $40,000 HELOC costs monthly right now.",CBS News,https://www.cbsnews.com/news/how-much-does-40000-heloc-cost-after-feds-october-2025-interest-rate-cut/
2025-11-11 11:00:57,"Mortgage and refinance interest rates today, November 11, 2025: Little change with no catalyst to move lower. Today's mortgage and refinance rates rose on by fractions. The 30-year fixed rate is up by one basis point, while the 15-year rate rose by four. Lock in your...",Yahoo Entertainment,https://finance.yahoo.com/personal-finance/mortgages/article/mortgage-refinance-interest-rates-today-tuesday-november-11-2025-110057358.html
2025-11-11 17:03:05,"How much are the monthly payments on a $30,000 home equity loan now, after the October Fed rate cut?. Monthly payments on a home equity loan of this size have dropped following recent Federal Reserve interest rate cuts.",CBS News,https://www.cbsnews.com/news/how-much-monthly-payments-30000-home-equity-loan-october-2025-fed-rate-cut/
2025-11-12 04:07:00,"Fed’s Miran pivots on interest-rate cut push for December. Two members of the Federal Reserve’s policymaking panel dissented from its recent vote to lower interest rates. For Fed Governor Stephen Miran, it just...",TheStreet,https://www.thestreet.com/fed/feds-miran-pivots-on-interest-rate-cut-push-for-december
2025-11-12 12:24:11,"Fed to cut rates again in December on weakening job market, say most economists: Reuters poll. Federal Reserve will again lower its key interest rate by 25 basis points next month to underpin a weakening labor market, according to 80% of economists...",Yahoo Entertainment,https://finance.yahoo.com/news/fed-cut-rates-again-december-122411641.html
2025-11-13 12:28:52,"December Fed Rate Cut: A Toss-Up. Odds of a Federal Reserve rate cut in December have fallen to about 52%, indicating increased investor uncertainty.",CoinDesk,https://www.coindesk.com/markets/2025/11/13/december-fed-rate-cut-a-toss-up
2025-11-13 18:59:00,Government shutdown may impact Federal Reserve decision on interest rates cuts. The government shutdown impacted key economic data reports that the Federal Reserve uses to determine a potential interest rate cut. CBS MoneyWatch correspondent Kelly O'Grady reports.,CBS News,https://www.cbsnews.com/video/government-shutdown-may-impact-federal-reserve-decision-on-interest-rates-cuts/
2025-11-13 21:01:36,"Stock market today: Dow tumbles 800 points with Nasdaq, S&P 500 hammered as investors pare rate cut bets. The economic after-effects of the shutdown are muddying the picture for rate cuts.",Yahoo Entertainment,https://finance.yahoo.com/news/live/stock-market-today-dow-tumbles-800-points-with-nasdaq-sp-500-hammered-as-investors-pare-rate-cut-bets-210136974.html
2025-11-13 21:51:14,"Guggenheim CIO: The Fed will cut in December and again in 2026 as economy turns 'sluggish'. Anne Walsh, CIO of a $357 billion investment manager, said at Yahoo Finance Invest that rates are likely to go lower from here.",Yahoo Entertainment,https://finance.yahoo.com/news/guggenheim-cio-the-fed-will-cut-in-december-and-again-in-2026-as-economy-turns-sluggish-215114903.html
2025-11-13 22:03:55,"Fed hopes melt, stocks sink. ORLANDO, Florida (Reuters) -Wall Street tumbled and Treasury yields rose on Thursday as expectations of a Federal Reserve interest rate cut next month faded ...",Yahoo Entertainment,https://finance.yahoo.com/news/fed-hopes-melt-stocks-sink-220355897.html
2025-11-14 15:37:50,"Stocks extend slide amid investor concerns about AI and interest rates. U.S. financial markets opened lower, sputtering for a second straight day as investors question the health of AI stocks.",CBS News,https://www.cbsnews.com/news/stock-market-opener-dow-jones-sp-500-nasdaq-november-14/
2025-11-14 17:27:36,"How much does a $90,000 HELOC cost monthly following the Fed's October interest rate cut?. HELOC interest rates are at their lowest levels in years. Here's how much a $90,000 HELOC costs monthly right now.",CBS News,https://www.cbsnews.com/news/how-much-90000-heloc-cost-monthly-following-fed-october-2025-interest-rate-cut/
2025-11-17 10:42:04,Gold Steadies as Traders Assess Fading US Rate Cut Outlook. Traders are losing confidence in a December rate cut as Federal Reserve officials show little conviction for reducing borrowing costs. Lower interest rates ...,Yahoo Entertainment,https://finance.yahoo.com/news/gold-steady-two-days-losses-011909221.html
2025-11-17 18:00:00,"Opinion - The next recession is coming — and this time, you’re the collateral. Treasury Secretary Scott Bessent has warned that the U.S. economy is showing signs of strain, and that if the Federal Reserve doesn't cut rates soon, the...",The Hill,https://thehill.com/opinion/finance/5608486-ai-jobs-relevance-recession/
2025-11-17 20:01:00,"Why are stocks falling and what should investors do? Experts explain. Stocks tumbled on Monday, extending a dayslong slide.",ABC News,https://abcnews.go.com/Business/stocks-falling-investors-experts-explain/story?id=127589011
2025-11-18 03:15:58,"Asian markets track Wall St down with Nvidia, US jobs in view. Asian stocks sank Tuesday, tracking more losses on Wall Street as investors grow increasingly worried about frothy tech valuations, with focus turned to...",Yahoo Entertainment,https://finance.yahoo.com/news/asian-markets-track-wall-st-031558753.html
2025-11-18 03:32:36,"Goldman Sachs revisits gold price forecast for 2026. Gold prices have retreated recently, raising questions about whether we are nearing the end of the yellow metal's impressive rally this year. After surging...",TheStreet,https://www.thestreet.com/investing/goldman-sachs-revisits-gold-price-forecast-for-2026
2025-11-18 21:22:17,Sharp disagreements over economy threaten Federal Reserve interest rate cut. What was once seen as a near-certain cut in interest rates next month now looks more like a coin flip as Federal Reserve officials sharply disagree over the ...,Yahoo Entertainment,https://finance.yahoo.com/news/sharp-disagreements-over-economy-threaten-212217466.html
2025-11-19 00:00:00,"Nvidia earnings, Fed minutes, MBS visit: What to Watch. Market Domination Overtime host Josh Lipton previews several of the biggest stories to come tomorrow, Wednesday, November 19, including earnings results from...",Yahoo Entertainment,https://finance.yahoo.com/video/nvidia-earnings-fed-minutes-mbs-000000040.html
2025-11-19 17:23:02,"Jim Cramer claims ‘a cabal’ is keeping Bitcoin above $90K. Bitcoin (BTC) has been struggling to recover from its slump in October. November is not going as expected, and more often we see the cryptocurrency swinging ...",TheStreet,https://www.thestreet.com/crypto/trading/jim-cramer-blames-cabal-for-keeping-bitcoin-below-90k
2025-11-19 18:28:04,"How much does a $75,000 HELOC cost monthly after the October Fed rate cut?. HELOC interest rates and costs are steadily dropping. Here's how much a $75,000 HELOC will cost monthly now.",CBS News,https://www.cbsnews.com/news/how-much-75000-heloc-costs-monthly-after-october-2025-fed-rate-cut/
2025-11-19 18:42:27,"Trump Says He Would ‘Love’ To Fire Fed Chair Jerome Powell. “I’d love to fire his ass,” Trump said, doubling down on his calls for the central bank to lower interest rates further.",Forbes,https://www.forbes.com/sites/tylerroush/2025/11/19/trump-says-he-would-love-to-fire-fed-chair-jerome-powell/
2025-11-19 20:00:24,"Fed minutes: 'Strongly differing views’ about cutting rates in December. Fed officials are divided over whether to cut interest rates again in December, according to minutes from the central bank’s last policy meeting.",Yahoo Entertainment,https://finance.yahoo.com/news/fed-minutes-strongly-differing-views-about-cutting-rates-in-december-200024587.html
2025-11-20 04:41:58,"Big swings keep rocking Wall Street as US stocks drop sharply after erasing a morning surge. Jarring swings keep rocking Wall Street, and U.S. stocks erased a big morning gain to drop on Thursday as the market remains skittish following weeks of...",Yahoo Entertainment,https://finance.yahoo.com/news/asian-shares-surge-nvidias-strong-044158428.html
2025-11-20 07:25:28,"Fed December Rate Cut Odds Collapse to 30%. The probability of the Federal Reserve cutting interest rates has decreased significantly, now standing at 30%.",CoinDesk,https://www.coindesk.com/markets/2025/11/20/fed-december-rate-cut-odds-collapse-to-30
2025-11-20 10:10:58,Long-delayed jobs report to show hiring amid wobbly economy. The fresh data arrives about six weeks after its initially scheduled release.,ABC News,https://abcnews.go.com/Business/long-delayed-jobs-report-show-hiring-amid-wobbly/story?id=127668400
2025-11-20 11:35:44,"Gold price dips as US Fed interest rate cut expectations fall. Gold price has rallied strongly this year, gaining more than 50% and hitting a record in October, before retracing some of its gains.",Yahoo Entertainment,https://uk.finance.yahoo.com/news/gold-prices-federal-reserve-oil-pound-dollar-budget-reeves-113544562.html
2025-11-20 13:36:24,"The long-delayed September jobs report showed the US added way more jobs than expected. September's job growth was way above the 53,000 expected, and unemployment unexpectedly ticked up from 4.3%.",Business Insider,https://www.businessinsider.com/september-jobs-report-unemployment-rate-employment-federal-reserve-interest-rates-2025-11
2025-11-20 18:30:26,Is the Federal Reserve likely to cut interest rates in December?. The government's latest jobs data could affect whether Federal Reserve officials continue their push to ease borrowing costs.,CBS News,https://www.cbsnews.com/news/federal-reserve-december-2025-rate-cut-probability-fomc-meeting-economy/
2025-11-20 19:23:04,Stocks Whipsaw With Dow Erasing 700 Point Gain As Fed Rate Cut Odds Drop. Nvidia’s earnings report crushed analysts’ forecasts and tamped down on the market’s fears of an AI bubble bursting.,Forbes,https://www.forbes.com/sites/siladityaray/2025/11/20/stocks-whipsaw-with-dow-erasing-700-point-gain-as-fed-rate-cut-odds-drop/
2025-11-20 21:58:05,Why were stocks down today? What to know as Dow gives up 700-point gain. US stocks gave up early gains to end lower after economic and rate uncertainty topple strong earnings from AI darling Nvidia and retail giant Walmart.,USA Today,https://www.usatoday.com/story/money/markets/2025/11/20/why-stocks-down-nov-20/87377901007/
2025-11-21 12:48:23,What on Earth just happened to the stock market?. Redemption Day quickly turned into Reckoning Day on Wall Street.,CNN,https://www.cnn.com/2025/11/21/business/stock-market-dow
2025-11-21 14:24:36,Odds Of Interest Rate Cut Double After Fed Official Signals Support. Other Federal Reserve officials have supported maintaining the current rates.,Forbes,https://www.forbes.com/sites/tylerroush/2025/11/21/odds-of-interest-rate-cut-double-after-fed-official-signals-support/
2025-11-21 14:30:48,"Bad Deal for Ukraine. Plus: Executiongate, in defense of tradwives, New York gun case, and more...",Yahoo Entertainment,https://www.yahoo.com/news/articles/bad-deal-ukraine-143048639.html
2025-11-21 17:04:20,The 2 Fed comments that are boosting odds of a December rate cut. Odds for another interest rate cut jumped Friday after New York Fed president John Williams signaled he could support a cut when the central bank meets in...,Yahoo Entertainment,https://finance.yahoo.com/news/the-2-fed-comments-that-are-boosting-odds-of-a-december-rate-cut-170420327.html
2025-11-21 17:25:14,October CPI canceled and November inflation report pushed back until after Fed’s next big interest-rate vote. The Federal Reserve won’t see critical information on U.S. inflation or job creation before its next pivotal meeting in December to decide whether to cut interest rates for the third month in a row.,Biztoc.com,https://biztoc.com/x/b98f0ef4c192932d
2025-11-21 21:06:53,Stocks in This Sector Are Getting a Big Lift on Rising Hopes of a Fed Rate Cut Next Month. Homebuilders were among the biggest gainers in the S&P 500 Friday after comments from a Federal Reserve official boosted expectations of an interest rate cut...,Investopedia,https://www.investopedia.com/stocks-in-this-sector-are-getting-a-big-lift-on-rising-hopes-of-a-fed-rate-cut-next-month-dhi-len-bldr-phm-11854661
2025-11-23 23:47:18,"Stock market today: Dow, S&P 500, Nasdaq futures leap, sparking hopes of rebound from November losses. US stock futures have jumped pre-market Monday as the Fed has indicated positive sentiment towards a December rate cute.",Yahoo Entertainment,https://finance.yahoo.com/news/live/stock-market-today-dow-sp-500-nasdaq-futures-leap-sparking-hopes-of-rebound-from-november-losses-234718396.html
2025-11-23 23:47:18,"Stock market today: Dow, S&P 500, Nasdaq futures rise, sparking hopes of rebound from November losses. Spirits are upbeat after a Fed official signaled support for a December rate cut.",Yahoo Entertainment,https://finance.yahoo.com/news/live/stock-market-today-dow-sp-500-nasdaq-futures-rise-sparking-hopes-of-rebound-from-november-losses-234718549.html
2025-11-24 03:05:27,Asian stocks rise as US rate hopes soothe nerves after torrid week. Asian markets mostly rose Monday as fresh hopes for a US interest rate cut provided some calm after last week's rollercoaster ride fuelled by worries of a...,Yahoo Entertainment,https://finance.yahoo.com/news/asian-stocks-rise-us-rate-030527575.html
2025-11-24 09:59:50,"Markets Rise as Investors Bet on Fed Rate Cuts. Dow, S&P 500, and Nasdaq futures are rising in premarket trading Monday as the stock market raises expectations for the Federal reserve to cut interest rates.",Barron's,https://www.barrons.com/livecoverage/stock-market-news-today-112425
2025-11-24 10:03:56,"Bitcoin Stays Under Pressure After Recent Selloff. Dow, S&P 500, and Nasdaq futures are rising in premarket trading Monday as the stock market raises expectations for the Federal reserve to cut interest rates.",Barron's,https://www.barrons.com/livecoverage/stock-market-news-today-112425
2025-11-24 11:54:19,Bitcoin Could Drop to $60K if Fed Holds Rates Steady in December: CryptoQuant. Key Takeaways: Bitcoin could drop to between $60K and $80K into year-end if the U.S. Federal Reserve holds interest rates steady at its policy meeting on Dec...,Cryptonews,https://cryptonews.com/exclusives/bitcoin-could-drop-to-60k-if-fed-holds-off-on-rate-cuts-in-december-cryptoquant/
2025-11-24 12:15:18,"Suddenly, the Fed interest rate cut in December looks like it is very much back on the table. Last week, Wall Street seemed to have decided that a December cut was off the table. Today speculators put the probability of Fed Chairman Jerome Powell...",Yahoo Entertainment,https://finance.yahoo.com/news/suddenly-fed-interest-rate-cut-121518431.html
2025-11-24 14:20:48,Fed's Waller calls for December rate cut. Federal Reserve Governor Christopher Waller said in a Fox Business interview that he backs a rate cut in December. He also said that he spoke to Treasury...,Yahoo Entertainment,https://finance.yahoo.com/video/feds-waller-calls-december-rate-142048983.html
2025-11-24 14:59:48,"Waller says he had 'nice, great' meeting with Bessent as Fed chair decision looms. Federal Reserve Governor Christopher Waller said he met with Treasury ​Secretary Scott Bessent recently to further discuss his possible nomination ‌as Fed...",Yahoo Entertainment,https://finance.yahoo.com/news/feds-waller-says-met-treasury-145948560.html
2025-11-24 17:22:12,"Top Stock Movers Now: Tesla, Google Parent Alphabet, Carvana, Novo Nordisk, and More. Major U.S. equities indexes climbed Monday afternoon as tech stocks rallied, and as optimism about a rate cut by the Federal Reserve next month grew.",Investopedia,https://www.investopedia.com/top-stock-movers-now-tesla-google-parent-alphabet-carvana-novo-nordisk-and-more-11855677
2025-11-24 19:30:00,Is the US dollar a risk as Fed remains divided on rate cuts?. As uncertainty persists around the United States' economic growth potential compared to the rest of the world and whether the Federal Reserve will cut...,Yahoo Entertainment,https://finance.yahoo.com/video/us-dollar-risk-fed-remains-193000594.html
2025-11-24 20:16:14,"Stock market edges higher amid tech gains and hopes of Fed Rate cut. Investors are now forecasting that the Federal Reserve will cut interest rates at its next meeting, scheduled for Dec. 10.",CBS News,https://www.cbsnews.com/news/stock-market-dow-jones-sp-500-nasdaq-november-24/
2025-11-24 21:47:14,"Investors fearful of AI bubble burst are missing out: Strategist. Hennion & Walsh CIO Kevin Mahn doesn't believe the AI bubble is anywhere near bursting. Speaking with Josh Lipton on Market Domination Overtime, Mahn...",Yahoo Entertainment,https://finance.yahoo.com/video/investors-fearful-ai-bubble-burst-214714340.html
2025-11-24 23:50:49,Why IBM (IBM) Stock Is Up Today. Shares of technology and consulting giant IBM (NYSE:IBM) jumped 2.8% in the afternoon session after renewed enthusiasm for Alphabet reinvigorated the...,Yahoo Entertainment,https://finance.yahoo.com/news/why-ibm-ibm-stock-today-235049835.html
2025-11-24 23:51:15,"Stock market today: Dow, S&P 500, Nasdaq futures inch down after tech's biggest rally since May. Markets are muted after a strong start to the week as investors take stock of a Fed-fuelled rebound.",Yahoo Entertainment,https://finance.yahoo.com/news/live/stock-market-today-dow-sp-500-nasdaq-futures-inch-down-after-techs-biggest-rally-since-may-235115825.html
2025-11-24 23:51:15,"Stock market today: Dow, S&P 500, Nasdaq futures inch up after tech's biggest rally since May. Markets are muted after a strong start to the week as investors take stock of a Fed-fuelled rebound.",Yahoo Entertainment,https://finance.yahoo.com/news/live/stock-market-today-dow-sp-500-nasdaq-futures-inch-up-after-techs-biggest-rally-since-may-235115106.html
2025-11-25 08:29:00,Gilt Yields Steady as Fed Rate-Cut Prospects Increase; Budget Awaited,The Wall Street Journal,https://www.wsj.com/finance/investing/jgb-yields-higher-amid-hopes-for-boj-rate-increases-352658a8
2025-11-25 09:05:00,Gold Rises on Renewed U.S. Rate-Cut Bets,The Wall Street Journal,https://www.wsj.com/finance/commodities-futures/gold-edges-higher-amid-fed-rate-cut-hopes-b6d480f8
2025-11-25 11:39:26,"Morning Bid: Consumer readout tests Fed hopes. and global markets today , Editor-At-Large, Finance and Markets As a year-end Federal Reserve interest rate cut comes back into play, the trickle of...",Yahoo Entertainment,https://finance.yahoo.com/news/morning-bid-consumer-readout-tests-113926662.html
2025-11-25 16:39:25,Trump could make a decision on a new Fed chair 'before Christmas.' See who's on the short list. President Donald Trump may announce his replacement for Fed Chair Jerome Powell by the end of the year.,Business Insider,https://www.businessinsider.com/trump-fed-shortlist-jerome-powell-replacement-2025-11
2025-11-25 17:32:00,"New economic data raises questions about another Fed interest rate cut. New data released Monday show how the shutdown impacted the economy in September and raised questions over whether the Federal Reserve will cut interest rates again before 2026. Kristin Myers, the ETF editor-in-chief for Asset TV, joins with more.",CBS News,https://www.cbsnews.com/video/new-economic-data-raises-questions-about-another-fed-interest-rate-cut/
2025-11-25 17:53:46,US consumer confidence tumbles to lowest level since April. A sluggish job market lowers consumer confidence but may also lead to another rate cut from the US Federal Reserve.,Al Jazeera English,https://www.aljazeera.com/economy/2025/11/25/us-consumer-confidence-tumbles-to-lowest-level-since-april
2025-11-25 18:44:53,The Fed is divided over cutting interest rates. Here's why that matters. Sentiment has shifted dramatically in favor of an interest rate cut.,ABC News,https://abcnews.go.com/Business/fed-divided-cutting-interest-rates-matters/story?id=127858053
2025-11-26 01:18:55,"Asian stocks extend gains on Fed rate-cut bets. Asian markets are rising for a third day, following Wall Street's lead. Weak US consumer data has boosted expectations for a Federal Reserve interest rate cut next month. Investors are closely watching Chinese equities. US Treasury yields have eased, and the …",The Times of India,https://economictimes.indiatimes.com/markets/stocks/news/asian-stocks-extend-gains-on-fed-rate-cut-bets/articleshow/125577294.cms
2025-11-26 02:34:05,"Oil stabilises after Ukraine peace talks push prices to one-month lows. Oil prices saw a slight rebound after a dip, as Ukraine signaled progress towards a peace deal with Russia. This potential agreement could lead to the lifting of sanctions on Russian oil, a development that market analysts suggest might drive prices lower. Me…",The Times of India,https://economictimes.indiatimes.com/markets/commodities/news/oil-stabilises-after-ukraine-peace-talks-push-prices-to-one-month-lows/articleshow/125577927.cms
2025-11-26 12:00:00,"Mortgage rates fall sharply on expectations of a Fed rate cut. Will they keep on dropping from here?. Mortgage rates took a dive on Tuesday, pushing the 30-year rate to the lowest level in a month.",MarketWatch,https://www.marketwatch.com/story/mortgage-rates-fall-sharply-on-expectations-of-a-fed-rate-cut-will-they-keep-on-dropping-from-here-18d03650
2025-11-26 17:03:38,Mortgage rates dropped this week amid fresh signs of job market weakness. Mortgage rates fell this week after Federal Reserve governors signaled openness to cutting benchmark interest rates next month.,Yahoo Entertainment,https://finance.yahoo.com/news/mortgage-rates-dropped-this-week-amid-fresh-signs-of-job-market-weakness-170338602.html
2025-11-26 19:34:05,"Bitcoin rises above $90,000 as cryptocurrency attempts recovery amid stock market gains. Bitcoin has struggled to bounce back meaningfully despite a price uptick on Wednesday.",Yahoo Entertainment,https://finance.yahoo.com/news/bitcoin-rises-above-90000-as-cryptocurrency-attempts-recovery-amid-stock-market-gains-193405385.html
2025-11-27 02:05:03,"Wall Street ends higher on growing bets for December Fed rate cut. Indian markets surged on Wednesday, fueled by renewed tech sector strength and growing expectations of a December interest rate cut by the U.S. Federal Reserve. Nvidia's positive earnings and Dell's strong forecast boosted investor confidence, overshadowing c…",The Times of India,https://economictimes.indiatimes.com/markets/stocks/news/wall-st-ends-higher-on-growing-bets-for-december-fed-rate-cut/articleshow/125602816.cms
2025-11-27 09:20:00,Global Markets Boosted by Fed Rate-Cut Hopes; U.S. Markets Closed for Thanksgiving. Global markets rose on hopes of a Federal Reserve rate cut and as investor optimism over artificial intelligence returns. U.S. markets are closed Thursday...,The Wall Street Journal,https://www.wsj.com/finance/stocks/global-markets-boosted-by-fed-rate-cut-hopes-u-s-markets-closed-for-thanksgiving-92086600
2025-11-27 12:00:00,4 things you should refuse to buy in 2026 if you want wealth and freedom ASAP. Plus how they could be hurting you. Why even high-income earners are living paycheck to paycheck.,Yahoo Entertainment,https://finance.yahoo.com/news/4-things-refuse-buy-2026-120000501.html
2025-11-28 00:07:37,"Dow, S&P 500, Nasdaq futures muted as rocky month draws to an end, before CME glitch halts trading. CME is gradually resuming operations after a futures outage that halted trading in US stock indexes.",Yahoo Entertainment,https://finance.yahoo.com/news/live/dow-sp-500-nasdaq-futures-muted-as-rocky-month-draws-to-an-end-before-cme-glitch-halts-trading-000737050.html
2025-11-28 00:07:37,"Dow, S&P 500, Nasdaq futures climb although gauges are on track to end month in the red. Trading in stock futures has been disrupted by a CME outage ahead of a holiday-shortened session.",Yahoo Entertainment,https://finance.yahoo.com/news/live/dow-sp-500-nasdaq-futures-hit-pause-on-rally-before-cme-glitch-halts-trading-000737072.html
2025-11-28 04:04:42,"Middle Eastern Penny Stocks To Watch In November 2025. Gulf markets have recently experienced mixed outcomes, influenced by expectations of a Federal Reserve rate cut and soft oil prices. For investors willing to...",Yahoo Entertainment,https://finance.yahoo.com/news/middle-eastern-penny-stocks-watch-040442071.html
2025-11-28 09:48:24,"Oil prices rise as investors eye developments on Russia-Ukraine talks. Oil prices rose on Friday morning, as Vladimir Putin said a draft of US-Ukraine proposals could form the basis of a future peace deal.",Yahoo Entertainment,https://uk.finance.yahoo.com/news/oil-prices-russia-ukraine-peace-talks-gold-pound-094824291.html
2025-11-28 10:00:02,"Bankruptcies are on the rise. What it means, in 3 charts.. S&P data shows that bankruptcies are nearing a 15-year high. How bad is it? Business Insider breaks down the trends in 3 charts.",Business Insider,https://www.businessinsider.com/bankruptcy-data-15-year-high-charts-2025-11
2025-11-28 11:00:10,"HELOC rates today, November 28, 2025: Incremental interest rate drops continue at many lenders. These are today's HELOC rates. Home equity line of credit rates have drifted lower for most of the year and are currently at 2025 lows. Start shopping today.",Yahoo Entertainment,https://finance.yahoo.com/personal-finance/mortgages/article/heloc-interest-rates-today-friday-november-28-2025-110010656.html
2025-11-28 18:03:55,"Stock market today: S&P 500, Dow rise to end a rocky month, Nasdaq snaps 7-month win streak. US stocks rose for the fifth day in a row on Friday, but the Nasdaq snapped its monthly winning streak.",Yahoo Entertainment,https://finance.yahoo.com/news/live/stock-market-today-sp-500-dow-rise-to-end-a-rocky-month-nasdaq-snaps-7-month-win-streak-180355656.html
